Timestamp,X,Y
2025-01-08 05:12:54,-2,-2
2025-01-08 05:12:56,-1,0
2025-01-08 05:12:57,0,0
2025-01-08 05:12:59,0,-1
2025-01-08 05:13:00,0,0
2025-01-08 05:13:02,0,0
2025-01-08 05:13:03,0,-1
2025-01-08 05:13:05,-1,0
2025-01-08 05:13:06,0,0
2025-01-08 05:13:08,0,0
2025-01-08 05:13:09,0,0
2025-01-08 05:13:11,0,0
2025-01-08 05:13:12,0,0
2025-01-08 05:13:14,-1,0
2025-01-08 05:13:15,0,0
2025-01-08 05:13:17,0,-1
2025-01-08 05:13:18,0,0
2025-01-08 05:13:20,0,0
2025-01-08 05:13:21,0,0
2025-01-08 05:13:23,0,0
2025-01-08 05:13:24,0,0
2025-01-08 05:13:26,0,0
2025-01-08 05:13:27,0,-1
2025-01-08 05:31:04,0,0
2025-01-08 05:31:05,0,0
2025-01-08 05:31:07,0,0
2025-01-08 05:31:09,0,0
2025-01-08 05:31:10,-1,0
2025-01-08 05:31:12,0,0
2025-01-08 05:31:13,0,0
2025-01-08 05:31:15,0,0
2025-01-08 05:31:16,0,0
2025-01-08 05:31:18,0,0
2025-01-08 05:31:19,0,0
2025-01-08 05:31:21,0,0
2025-01-08 05:31:22,0,0
2025-01-08 05:31:24,0,0
2025-01-08 05:31:25,0,0
2025-01-08 05:31:27,0,0
2025-01-08 05:31:29,0,0
2025-01-08 05:31:30,0,0
2025-01-08 05:31:32,0,0
2025-01-08 05:31:33,0,0
2025-01-08 05:31:35,0,0
2025-01-08 05:31:36,0,0
2025-01-08 05:31:38,0,0
2025-01-08 05:31:39,0,0
2025-01-08 05:33:16,0,0
2025-01-08 05:33:17,0,0
2025-01-08 05:33:19,0,0
2025-01-08 05:33:20,0,0
2025-01-08 05:33:22,0,0
2025-01-08 05:33:23,0,0
2025-01-08 05:33:25,0,0
2025-01-08 05:33:26,0,0
2025-01-08 05:33:28,0,0
2025-01-08 05:33:29,0,0
2025-01-08 05:33:31,0,0
2025-01-08 05:33:32,0,0
2025-01-08 05:33:34,0,0
2025-01-08 05:33:35,0,0
2025-01-08 05:33:37,0,-1
2025-01-08 05:33:38,0,0
2025-01-08 05:33:40,0,0
2025-01-08 05:33:41,0,0
2025-01-08 05:33:43,0,0
2025-01-08 05:33:45,0,0
2025-01-08 05:33:46,0,0
2025-01-08 05:33:48,0,0
2025-01-08 05:33:49,0,0
2025-01-08 05:33:51,0,0
2025-01-08 05:33:52,0,0
2025-01-08 05:34:24,0,0
2025-01-08 05:34:26,0,0
2025-01-08 05:34:27,0,0
2025-01-08 05:34:29,0,0
2025-01-08 05:34:31,0,0
2025-01-08 05:34:32,0,0
2025-01-08 05:34:34,0,0
2025-01-08 05:34:35,0,0
2025-01-08 05:34:37,0,0
2025-01-08 05:34:38,0,0
2025-01-08 05:34:40,0,0
2025-01-08 05:34:41,0,0
2025-01-08 05:39:01,0,0
2025-01-08 05:39:03,-2,-2
2025-01-08 05:39:04,0,0
2025-01-08 05:39:06,1,0
2025-01-08 05:39:07,0,0
2025-01-08 05:39:09,1,0
2025-01-08 05:39:10,0,0
2025-01-08 05:39:12,0,0
2025-01-08 05:39:13,0,0
2025-01-08 05:39:15,0,0
2025-01-08 05:39:16,0,0
2025-01-08 05:39:18,0,0
2025-01-08 05:39:19,0,0
2025-01-08 05:39:21,0,0
2025-01-08 05:39:22,0,0
2025-01-08 05:39:24,0,0
2025-01-08 05:39:25,0,0
2025-01-08 05:39:27,0,0
2025-01-08 05:39:29,0,-1
2025-01-08 05:39:30,0,0
2025-01-08 05:39:32,0,0
2025-01-08 05:39:33,0,0
2025-01-08 05:39:35,0,-1
2025-01-08 05:39:36,0,0
2025-01-08 05:42:02,-2,-2
2025-01-08 05:42:03,0,0
2025-01-08 05:42:05,0,0
2025-01-08 05:42:06,0,0
2025-01-08 05:42:08,0,0
2025-01-08 05:42:09,0,0
2025-01-08 05:42:11,0,0
2025-01-08 05:42:13,0,0
2025-01-08 05:42:14,0,0
2025-01-08 05:42:16,0,0
2025-01-08 05:42:17,0,0
2025-01-08 05:42:19,0,0
2025-01-08 08:28:11,-2,-2
2025-01-08 08:28:13,0,0
2025-01-08 08:28:14,0,0
2025-01-08 08:28:16,0,0
2025-01-08 08:28:17,-1,0
2025-01-08 08:28:19,0,0
2025-01-08 08:28:20,0,0
2025-01-08 08:28:22,0,0
2025-01-08 08:28:24,0,0
2025-01-08 08:28:25,0,0
2025-01-08 08:28:27,0,0
2025-01-08 08:28:28,0,0
2025-01-08 08:28:30,-2,-2
2025-01-08 08:28:31,0,0
2025-01-08 08:28:33,0,0
2025-01-08 08:28:34,0,0
2025-01-08 08:28:36,0,0
2025-01-08 08:28:37,0,0
2025-01-08 08:28:39,0,0
2025-01-08 08:28:40,0,0
2025-01-08 08:28:42,0,0
2025-01-08 08:28:43,0,0
2025-01-08 08:28:45,0,0
2025-01-08 08:28:46,0,0
2025-01-08 08:28:48,0,0
2025-01-08 08:28:49,0,0
2025-01-08 08:28:51,0,0
2025-01-08 08:28:52,0,0
2025-01-08 08:28:54,0,0
2025-01-08 08:28:55,0,0
2025-01-08 08:28:57,0,0
2025-01-09 05:53:39,0,0
2025-01-09 05:53:40,0,0
2025-01-09 05:53:42,0,0
2025-01-09 05:53:43,0,0
2025-01-09 05:53:45,0,0
2025-01-09 05:53:46,0,0
2025-01-09 05:53:48,0,0
2025-01-09 05:53:49,0,0
2025-01-09 05:53:51,0,0
2025-01-09 05:53:52,0,0
2025-01-09 05:53:54,0,0
2025-01-09 05:53:55,0,0
2025-01-09 05:53:57,0,0
2025-01-09 06:02:10,0,-1
2025-01-09 06:02:11,0,0
2025-01-09 06:02:13,-2,-2
2025-01-09 06:02:15,0,-1
2025-01-09 06:02:16,0,-1
2025-01-09 06:02:18,0,0
2025-01-09 06:02:19,0,0
2025-01-09 06:02:21,0,0
2025-01-09 06:02:22,0,0
2025-01-09 06:02:24,0,0
2025-01-09 06:06:35,0,0
2025-01-09 06:06:37,0,0
2025-01-09 06:06:38,0,0
2025-01-09 06:06:40,0,0
2025-01-09 06:06:41,0,0
2025-01-09 06:06:43,0,0
2025-01-09 06:06:44,0,0
2025-01-09 06:06:46,0,0
2025-01-09 06:06:47,0,0
2025-01-09 06:06:49,0,0
2025-01-09 06:06:50,0,0
2025-01-09 06:06:52,0,0
2025-01-09 06:06:53,0,0
2025-01-09 06:15:12,-2,-2
2025-01-09 06:15:14,0,0
2025-01-09 06:15:15,0,0
2025-01-09 06:15:17,0,0
2025-01-09 06:15:18,0,0
2025-01-09 15:27:55,-2,-2
2025-01-09 15:48:41,0,0
2025-01-09 15:48:42,0,0
2025-01-09 15:48:44,0,0
2025-01-09 15:48:45,0,0
2025-01-09 15:48:47,0,0
2025-01-09 15:48:48,0,0
2025-01-09 15:50:21,-2,-2
2025-01-09 15:50:23,-2,-2
2025-01-09 15:50:24,-2,-2
2025-01-09 15:50:26,-2,-2
2025-01-09 15:50:27,0,0
2025-01-09 15:50:29,0,0
2025-01-09 15:50:30,0,0
2025-01-09 15:50:32,0,0
2025-01-09 15:50:33,0,0
2025-01-09 15:50:35,0,0
2025-01-09 15:57:33,0,0
2025-01-09 15:57:35,0,0
2025-01-09 15:57:36,0,0
2025-01-09 15:57:38,0,0
2025-01-09 15:57:39,0,0
2025-01-09 15:57:41,0,0
2025-01-09 15:57:42,0,0
2025-01-09 15:57:44,0,0
2025-01-09 15:57:45,0,0
2025-01-09 15:57:47,0,0
2025-01-09 15:57:49,0,0
2025-01-09 15:57:50,0,0
2025-01-09 20:33:59,-2,-2
2025-01-09 20:34:01,-2,-2
2025-01-09 20:34:02,-2,-2
2025-01-09 20:34:04,0,0
2025-01-09 20:34:05,0,0
2025-01-09 20:34:07,0,0
2025-01-09 20:34:08,0,0
2025-01-09 20:34:10,0,0
2025-01-09 20:34:11,0,0
2025-01-09 20:34:13,0,0
2025-01-09 20:34:14,0,0
2025-01-09 20:34:16,0,0
2025-01-09 20:34:17,0,0
2025-01-09 20:38:28,0,0
2025-01-09 20:38:29,0,0
2025-01-09 20:38:31,1,0
2025-01-09 20:38:32,1,0
2025-01-09 20:38:34,0,0
2025-01-09 20:38:35,0,0
2025-01-09 20:38:37,0,0
2025-01-09 20:38:38,0,0
2025-01-09 20:38:40,0,0
2025-01-09 20:38:41,0,0
2025-01-09 20:38:43,0,0
2025-01-09 20:38:44,0,0
2025-01-09 20:38:46,0,0
2025-01-09 20:38:47,0,0
2025-01-09 20:38:49,0,0
2025-01-09 20:38:51,0,0
2025-01-09 20:38:52,0,0
2025-01-09 20:38:54,0,0
2025-01-09 20:38:55,0,0
2025-01-09 20:38:57,0,0
2025-01-09 20:38:58,0,0
2025-01-09 20:39:00,0,0
2025-01-09 20:39:01,-2,-2
2025-01-09 20:39:03,0,0
2025-01-09 20:39:04,0,-1
2025-01-09 20:39:06,1,0
2025-01-09 20:39:07,1,-1
2025-01-09 20:39:09,1,-1
2025-01-09 20:39:10,1,0
2025-01-09 20:39:12,1,0
2025-01-09 20:39:13,1,0
2025-01-09 20:39:15,1,0
2025-01-09 20:39:16,1,0
2025-01-09 20:39:18,0,0
2025-01-09 20:39:19,0,0
2025-01-09 20:39:21,0,0
2025-01-09 20:39:22,0,0
2025-01-09 20:39:24,0,0
2025-01-09 20:39:25,0,0
2025-01-09 20:39:27,0,0
2025-01-09 20:39:28,0,0
2025-01-09 20:39:30,0,0
2025-01-09 20:39:31,0,-1
2025-01-09 20:39:33,0,0
2025-01-09 20:39:34,0,0
2025-01-09 20:39:36,0,0
2025-01-09 20:39:37,0,0
2025-01-09 20:39:39,0,0
2025-01-09 20:39:40,0,0
2025-01-09 20:39:42,0,0
2025-01-09 20:39:44,0,0
2025-01-09 20:39:45,0,0
2025-01-09 20:39:47,0,0
2025-01-09 20:39:48,0,0
2025-01-09 20:39:50,0,0
2025-01-09 20:39:51,0,0
2025-01-09 20:39:53,0,0
2025-01-09 20:39:54,0,0
2025-01-09 20:39:56,0,0
2025-01-09 20:39:57,0,0
2025-01-09 20:39:59,0,0
2025-01-09 20:40:00,0,0
2025-01-09 20:40:02,0,0
2025-01-09 20:40:03,0,0
2025-01-09 20:40:05,-1,-1
2025-01-09 20:40:06,0,0
2025-01-09 20:40:08,0,-1
2025-01-09 20:40:09,0,0
2025-01-09 20:40:11,0,0
2025-01-09 20:40:12,0,-1
2025-01-09 20:40:14,0,0
2025-01-09 20:40:15,0,0
2025-01-09 20:40:17,0,0
2025-01-09 20:40:18,0,0
2025-01-09 20:40:20,0,0
2025-01-09 20:43:09,0,0
2025-01-09 20:43:11,0,0
2025-01-09 20:43:12,0,0
2025-01-09 20:43:14,0,0
2025-01-09 20:43:15,0,0
2025-01-09 20:43:17,0,0
2025-01-09 20:43:18,0,0
2025-01-09 20:43:20,0,0
2025-01-09 20:43:21,0,0
2025-01-09 20:43:23,0,0
2025-01-09 21:07:54,0,0
2025-01-09 21:07:55,0,0
2025-01-09 21:07:57,0,0
2025-01-09 21:07:58,0,0
2025-01-09 21:08:00,0,0
2025-01-09 21:08:01,0,0
2025-01-09 21:08:03,0,0
2025-01-09 21:08:04,0,0
2025-01-09 21:08:06,-1,0
2025-01-09 21:08:07,0,0
2025-01-09 21:08:09,0,0
2025-01-09 21:08:10,0,0
2025-01-09 21:10:40,0,0
2025-01-09 21:10:41,0,0
2025-01-09 21:10:43,0,0
2025-01-09 21:10:44,0,0
2025-01-09 21:10:46,0,0
2025-01-09 21:10:47,0,0
2025-01-09 21:10:49,0,0
2025-01-09 21:10:50,0,0
2025-01-09 21:10:52,0,0
2025-01-09 21:10:53,0,0
2025-01-09 21:10:55,0,0
2025-01-09 21:10:56,0,0
2025-01-09 21:10:58,0,0
2025-01-09 21:10:59,0,0
2025-01-09 21:11:01,0,0
2025-01-09 21:11:02,0,0
2025-01-09 21:14:45,1,0
2025-01-09 21:14:47,0,0
2025-01-09 21:14:48,0,0
2025-01-09 21:14:50,0,0
2025-01-09 21:14:51,0,0
2025-01-09 21:14:53,0,0
2025-01-09 21:14:54,0,0
2025-01-09 21:14:56,0,0
2025-01-09 21:14:58,1,0
2025-01-09 21:14:59,0,0
2025-01-09 21:15:01,0,0
2025-01-09 21:17:38,-1,0
2025-01-09 21:17:39,0,-1
2025-01-09 21:17:41,0,0
2025-01-09 21:17:42,0,0
2025-01-09 21:17:44,0,0
2025-01-09 21:17:45,0,0
2025-01-09 21:17:47,0,0
2025-01-09 21:17:48,0,0
2025-01-09 21:17:50,0,0
2025-01-09 21:17:51,0,0
2025-01-09 21:17:53,0,0
2025-01-09 21:17:55,0,0
2025-01-09 21:17:56,0,0
2025-01-09 21:17:58,0,0
2025-01-09 21:17:59,0,0
2025-01-09 21:18:01,0,0
2025-01-09 21:19:48,-2,-2
2025-01-09 21:19:49,0,0
2025-01-09 21:19:51,0,0
2025-01-09 21:19:52,0,0
2025-01-09 21:19:54,0,0
2025-01-09 21:19:56,0,0
2025-01-09 21:19:57,0,0
2025-01-09 21:19:59,0,0
2025-01-09 21:25:11,0,0
2025-01-09 21:25:12,0,0
2025-01-09 21:25:14,0,0
2025-01-09 21:25:15,0,0
2025-01-09 21:25:17,0,0
2025-01-09 21:25:18,0,0
2025-01-09 21:25:20,0,0
2025-01-09 21:25:21,0,0
2025-01-09 21:25:23,0,0
2025-01-09 21:25:24,0,0
2025-01-09 21:32:02,-1,-1
2025-01-09 21:32:03,0,0
2025-01-09 21:32:05,0,0
2025-01-09 21:32:06,0,0
2025-01-09 23:11:30,0,0
2025-01-09 23:11:31,0,0
2025-01-09 23:11:33,0,0
2025-01-09 23:11:34,0,0
2025-01-09 23:14:35,1,0
2025-01-09 23:14:36,0,0
2025-01-09 23:14:38,0,0
2025-01-09 23:16:21,0,0
2025-01-09 23:16:22,0,0
2025-01-09 23:17:57,0,0
2025-01-09 23:17:59,0,0
2025-01-09 23:18:00,0,0
2025-01-09 23:18:02,0,0
2025-01-09 23:18:03,0,0
2025-01-09 23:18:05,0,0
2025-01-09 23:18:06,0,0
2025-01-09 23:18:08,0,0
2025-01-09 23:18:10,1,0
2025-01-09 23:18:11,0,0
2025-01-09 23:18:13,0,0
2025-01-09 23:18:14,0,0
2025-01-09 23:18:16,0,0
2025-01-09 23:18:17,0,0
2025-01-09 23:19:31,0,0
2025-01-09 23:19:33,0,0
2025-01-09 23:19:34,0,0
2025-01-09 23:19:36,0,0
2025-01-09 23:19:37,0,0
2025-01-09 23:19:39,0,0
2025-01-09 23:19:40,0,0
2025-01-09 23:19:42,0,0
2025-01-09 23:19:43,0,0
2025-01-09 23:19:45,0,0
2025-01-09 23:19:46,0,0
2025-01-09 23:19:48,0,0
2025-01-09 23:19:49,0,0
2025-01-09 23:19:51,0,0
2025-01-09 23:19:52,0,0
2025-01-09 23:19:54,0,0
2025-01-09 23:19:56,0,0
2025-01-09 23:19:57,0,0
2025-01-09 23:19:59,0,0
2025-01-09 23:20:00,0,0
2025-01-09 23:20:02,0,0
2025-01-09 23:20:03,0,0
2025-01-09 23:20:05,0,0
2025-01-09 23:20:06,0,0
2025-01-09 23:20:08,0,0
2025-01-09 23:20:09,0,0
2025-01-09 23:20:11,0,0
2025-01-09 23:20:12,0,0
2025-01-09 23:20:14,0,0
2025-01-09 23:20:15,0,0
2025-01-09 23:20:17,0,0
2025-01-09 23:20:19,0,0
2025-01-09 23:20:20,0,0
2025-01-09 23:20:22,0,0
2025-01-09 23:20:23,0,0
2025-01-09 23:20:25,0,0
2025-01-09 23:20:26,0,0
2025-01-09 23:20:28,0,0
2025-01-09 23:20:29,0,0
2025-01-09 23:25:40,0,0
2025-01-09 23:25:41,0,0
2025-01-09 23:25:43,0,0
2025-01-09 23:25:45,0,0
2025-01-09 23:25:46,-1,0
2025-01-09 23:25:48,0,0
2025-01-09 23:25:49,0,0
2025-01-09 23:25:51,0,0
2025-01-09 23:25:52,0,0
2025-01-09 23:25:54,0,0
2025-01-09 23:25:55,0,0
2025-01-09 23:25:57,0,0
2025-01-09 23:25:58,0,0
2025-01-09 23:26:00,0,0
2025-01-09 23:26:01,0,0
2025-01-09 23:26:03,0,0
2025-01-09 23:26:04,0,0
2025-01-09 23:26:06,0,0
2025-01-09 23:26:07,0,0
2025-01-09 23:26:09,0,0
2025-01-09 23:26:10,0,0
2025-01-09 23:26:12,0,0
2025-01-09 23:26:14,0,0
2025-01-09 23:26:15,0,0
2025-01-09 23:26:17,0,0
2025-01-09 23:26:18,0,0
2025-01-09 23:26:20,0,0
2025-01-09 23:26:21,0,0
2025-01-09 23:26:23,0,0
2025-01-09 23:26:24,0,0
2025-01-09 23:26:26,0,0
2025-01-09 23:26:27,0,0
2025-01-09 23:26:29,0,0
2025-01-09 23:26:30,0,0
2025-01-09 23:26:32,0,0
2025-01-09 23:26:33,0,0
2025-01-09 23:26:35,0,0
2025-01-09 23:26:36,0,0
2025-01-09 23:26:38,0,0
2025-01-09 23:26:39,0,0
2025-01-09 23:26:41,-1,0
2025-01-09 23:26:42,0,0
2025-01-09 23:26:44,0,0
2025-01-09 23:26:46,0,0
2025-01-09 23:26:47,0,0
2025-01-09 23:26:49,0,0
2025-01-09 23:26:50,0,0
2025-01-09 23:26:52,0,0
2025-01-09 23:26:53,0,0
2025-01-09 23:26:55,0,0
2025-01-09 23:26:56,0,0
2025-01-09 23:26:58,0,0
2025-01-09 23:26:59,0,0
2025-01-09 23:27:01,0,0
2025-01-09 23:27:02,0,0
2025-01-09 23:27:04,0,-1
2025-01-09 23:27:05,0,0
2025-01-09 23:27:07,0,0
2025-01-09 23:27:09,0,0
2025-01-09 23:28:21,0,0
2025-01-09 23:28:22,0,0
2025-01-09 23:28:24,0,0
2025-01-09 23:28:25,-2,-2
2025-01-09 23:31:14,0,0
2025-01-09 23:31:16,0,0
2025-01-09 23:31:17,0,0
2025-01-09 23:31:19,0,0
2025-01-09 23:31:20,0,0
2025-01-09 23:31:22,0,0
2025-01-09 23:31:23,0,0
2025-01-09 23:31:25,0,0
2025-01-09 23:31:26,0,0
2025-01-09 23:31:28,0,0
2025-01-09 23:31:30,0,0
2025-01-09 23:31:31,0,0
2025-01-09 23:31:33,0,0
2025-01-09 23:31:34,0,0
2025-01-09 23:31:36,0,0
2025-01-09 23:31:37,0,0
2025-01-09 23:31:39,0,0
2025-01-09 23:31:40,0,0
2025-01-09 23:31:42,0,0
2025-01-09 23:31:44,0,0
2025-01-09 23:31:45,0,0
2025-01-09 23:31:47,0,0
2025-01-09 23:31:48,0,0
2025-01-09 23:31:50,0,0
2025-01-09 23:31:51,0,0
2025-01-09 23:31:53,0,0
2025-01-09 23:31:54,0,0
2025-01-09 23:31:56,0,0
2025-01-09 23:31:57,0,0
2025-01-09 23:31:59,0,0
2025-01-09 23:32:01,0,0
2025-01-09 23:32:54,0,0
2025-01-09 23:32:55,0,0
2025-01-09 23:32:57,0,0
2025-01-09 23:32:58,0,0
2025-01-09 23:33:00,0,0
2025-01-09 23:33:01,0,0
2025-01-09 23:33:03,0,0
2025-01-09 23:33:04,0,0
2025-01-09 23:33:06,0,0
2025-01-09 23:33:07,0,0
2025-01-09 23:33:09,0,0
2025-01-09 23:33:10,0,0
2025-01-09 23:33:12,0,0
2025-01-09 23:33:13,0,0
2025-01-09 23:34:12,0,0
2025-01-09 23:34:14,0,0
2025-01-09 23:34:16,0,0
2025-01-09 23:34:17,0,0
2025-01-09 23:34:19,0,0
2025-01-09 23:34:20,0,0
2025-01-09 23:34:45,0,0
2025-01-09 23:36:52,-2,-2
2025-01-09 23:36:53,-2,-2
2025-01-09 23:36:55,-2,-2
2025-01-09 23:36:56,0,0
2025-01-09 23:36:58,0,0
2025-01-09 23:36:59,0,0
2025-01-09 23:37:01,0,0
2025-01-09 23:38:14,0,0
2025-01-09 23:38:16,0,0
2025-01-09 23:38:17,0,0
2025-01-09 23:38:19,0,0
2025-01-09 23:38:20,0,0
2025-01-09 23:38:22,0,0
2025-01-09 23:38:24,0,0
2025-01-09 23:38:25,0,0
2025-01-09 23:38:27,0,0
2025-01-09 23:38:29,-2,-2
2025-01-09 23:38:30,0,0
2025-01-09 23:38:32,0,0
2025-01-09 23:38:33,-1,-1
2025-01-09 23:38:35,0,0
2025-01-09 23:38:37,0,0
2025-01-09 23:38:38,0,0
2025-01-09 23:38:40,0,0
2025-01-09 23:38:42,0,0
2025-01-09 23:38:43,0,0
2025-01-09 23:38:45,0,0
2025-01-09 23:38:47,0,0
2025-01-09 23:38:48,0,0
2025-01-09 23:38:50,0,0
2025-01-09 23:38:51,0,0
2025-01-09 23:38:53,0,0
2025-01-09 23:38:55,0,0
2025-01-09 23:38:56,0,0
2025-01-09 23:38:58,0,0
2025-01-09 23:39:00,0,0
2025-01-09 23:39:01,0,0
2025-01-09 23:39:03,0,0
2025-01-09 23:39:05,0,0
2025-01-09 23:39:06,0,0
2025-01-09 23:39:08,0,0
2025-01-09 23:39:09,0,0
2025-01-09 23:39:11,0,0
2025-01-09 23:39:12,-1,0
2025-01-09 23:39:14,0,-1
2025-01-09 23:39:16,0,0
2025-01-09 23:39:17,0,0
2025-01-09 23:43:19,0,0
2025-01-09 23:43:21,0,0
2025-01-09 23:43:22,0,0
2025-01-09 23:43:24,0,0
2025-01-09 23:43:25,0,0
2025-01-09 23:43:27,0,0
2025-01-09 23:43:28,0,0
2025-01-09 23:43:30,0,0
2025-01-09 23:43:31,0,0
2025-01-09 23:43:33,0,0
2025-01-09 23:43:35,0,0
2025-01-09 23:46:34,0,0
2025-01-09 23:46:36,0,0
2025-01-09 23:46:37,0,0
2025-01-09 23:46:39,0,0
2025-01-09 23:46:40,0,0
2025-01-09 23:46:42,0,0
2025-01-09 23:51:45,0,0
2025-01-09 23:51:46,0,0
2025-01-09 23:51:48,0,0
2025-01-09 23:51:49,0,0
2025-01-09 23:51:51,0,0
2025-01-09 23:51:52,0,0
2025-01-09 23:51:54,0,0
2025-01-09 23:51:56,0,0
2025-01-09 23:51:57,0,0
2025-01-09 23:51:59,0,0
2025-01-09 23:52:00,0,0
2025-01-09 23:52:02,0,0
2025-01-09 23:52:03,0,0
2025-01-09 23:52:05,0,0
2025-01-09 23:52:07,0,0
2025-01-09 23:52:08,0,0
2025-01-09 23:52:10,0,0
2025-01-09 23:53:07,0,0
2025-01-09 23:53:09,0,0
2025-01-09 23:53:10,0,0
2025-01-09 23:53:12,0,0
2025-01-09 23:53:13,0,0
2025-01-09 23:53:15,0,0
2025-01-09 23:53:16,0,0
2025-01-09 23:53:18,0,0
2025-01-09 23:53:19,0,0
2025-01-09 23:53:21,0,0
2025-01-10 00:02:12,0,0
2025-01-10 00:02:14,0,0
2025-01-10 00:02:15,0,0
2025-01-10 00:02:17,0,0
2025-01-10 00:02:19,0,0
2025-01-10 00:02:20,0,0
2025-01-10 00:02:22,0,0
2025-01-10 00:02:23,0,0
2025-01-10 00:02:25,0,0
2025-01-10 00:02:26,0,0
2025-01-10 00:02:28,0,0
2025-01-10 00:04:32,0,0
2025-01-10 00:04:33,0,0
2025-01-10 00:04:35,0,0
2025-01-10 00:04:36,0,0
2025-01-10 00:04:38,0,0
2025-01-10 00:04:40,0,0
2025-01-10 00:04:41,0,0
2025-01-10 00:04:43,0,0
2025-01-10 00:04:44,0,0
2025-01-10 00:04:46,0,0
2025-01-10 00:04:48,0,0
2025-01-10 00:04:49,0,0
2025-01-10 00:04:51,0,0
2025-01-10 00:04:52,0,0
2025-01-10 00:04:54,1,0
2025-01-10 00:04:55,0,0
2025-01-10 00:04:57,0,0
2025-01-10 00:04:58,0,0
2025-01-10 00:05:00,0,0
2025-01-10 00:05:02,0,0
2025-01-10 00:05:03,-1,0
2025-01-10 00:05:05,0,0
2025-01-10 00:05:06,0,0
2025-01-10 00:05:08,0,0
2025-01-10 00:05:09,0,0
2025-01-10 00:05:11,0,0
2025-01-10 00:05:13,0,0
2025-01-10 00:09:02,0,0
2025-01-10 00:09:03,0,0
2025-01-10 00:09:05,0,0
2025-01-10 00:09:06,0,0
2025-01-10 00:09:08,0,0
2025-01-10 00:09:09,0,0
2025-01-10 00:09:11,0,0
2025-01-10 00:09:12,0,0
2025-01-10 00:09:14,0,0
2025-01-10 00:09:15,0,0
2025-01-10 00:09:17,0,0
2025-01-10 00:09:19,0,0
2025-01-10 00:09:20,0,0
2025-01-10 00:09:22,0,0
2025-01-10 00:09:23,0,0
2025-01-10 00:12:08,0,0
2025-01-10 00:12:10,0,0
2025-01-10 00:12:11,0,0
2025-01-10 00:12:13,0,0
2025-01-10 00:12:14,0,0
2025-01-10 00:12:16,0,0
2025-01-10 00:12:17,0,0
2025-01-10 00:12:19,0,0
2025-01-10 00:15:06,0,0
2025-01-10 00:15:07,0,0
2025-01-10 00:15:09,0,0
2025-01-10 00:15:11,0,0
2025-01-10 00:15:12,0,0
2025-01-10 00:15:14,0,0
2025-01-10 00:15:15,0,0
2025-01-10 00:15:17,0,0
2025-01-10 00:15:18,0,0
2025-01-10 00:15:20,0,0
2025-01-10 00:20:05,0,0
2025-01-10 00:20:07,0,0
2025-01-10 00:20:09,0,0
2025-01-10 00:20:11,0,0
2025-01-10 00:20:12,0,0
2025-01-10 00:20:14,0,0
2025-01-10 00:20:16,0,0
2025-01-10 00:20:18,0,0
2025-01-10 00:20:20,0,0
2025-01-10 00:20:23,0,0
2025-01-10 00:20:25,0,0
2025-01-10 00:20:28,0,0
2025-01-10 00:20:30,0,0
2025-01-10 00:20:33,0,0
2025-01-10 00:20:35,0,0
2025-01-10 00:20:38,0,0
2025-01-10 00:20:40,0,0
2025-01-10 00:20:43,0,0
2025-01-10 00:20:45,0,0
2025-01-10 00:20:47,0,0
2025-01-10 00:20:50,0,0
2025-01-10 00:20:52,0,0
2025-01-10 00:20:54,0,0
2025-01-10 00:20:56,0,0
2025-01-10 00:30:41,0,0
2025-01-10 00:30:43,0,0
2025-01-10 00:30:44,0,0
2025-01-10 00:30:46,0,0
2025-01-10 00:30:48,0,0
2025-01-10 00:30:49,0,0
2025-01-10 00:30:51,0,0
2025-01-10 00:30:52,0,0
2025-01-10 00:30:54,0,0
2025-01-10 00:30:55,0,0
2025-01-10 00:30:57,0,0
2025-01-10 00:30:58,0,0
2025-01-10 00:31:00,0,0
2025-01-10 00:31:01,0,0
2025-01-10 00:31:03,0,0
2025-01-10 00:31:04,0,0
2025-01-10 00:31:06,0,0
2025-01-10 00:31:07,0,0
2025-01-10 19:47:59,0,0
2025-01-10 19:48:01,0,0
2025-01-10 19:48:02,0,0
2025-01-10 19:48:04,0,0
2025-01-10 19:48:05,0,0
2025-01-10 19:48:07,0,0
2025-01-10 19:48:08,0,0
2025-01-10 19:48:10,0,0
2025-01-10 19:48:11,0,0
2025-01-10 19:48:13,0,0
2025-01-10 19:48:14,0,0
2025-01-10 19:48:16,0,0
2025-01-10 19:48:17,0,0
2025-01-10 19:48:19,0,0
2025-01-10 19:48:20,0,0
2025-01-10 19:48:22,0,0
2025-01-10 19:48:23,0,0
2025-01-10 19:48:25,0,0
2025-01-10 19:48:26,0,0
2025-01-10 19:48:28,0,0
2025-01-10 19:48:29,0,0
2025-01-10 19:48:31,0,0
2025-01-10 19:48:33,0,0
2025-01-10 19:48:34,0,0
2025-01-10 19:48:36,0,0
2025-01-10 19:48:37,0,0
2025-01-10 19:48:39,0,0
2025-01-10 19:48:40,0,0
2025-01-10 19:48:42,0,0
2025-01-10 19:48:43,0,0
2025-01-10 19:48:45,0,0
2025-01-10 19:48:46,0,0
2025-01-10 19:48:48,0,0
2025-01-10 19:48:49,0,0
2025-01-10 19:48:51,0,0
2025-01-10 19:48:52,0,0
2025-01-10 20:29:44,0,0
2025-01-10 20:29:45,0,0
2025-01-10 20:29:47,0,0
2025-01-10 20:29:48,0,0
2025-01-10 20:29:50,0,0
2025-01-10 20:29:52,0,0
2025-01-10 20:29:53,0,0
2025-01-10 20:29:55,0,0
2025-01-10 20:29:56,0,0
2025-01-10 20:29:58,0,0
2025-01-10 20:29:59,0,0
2025-01-10 20:30:01,0,0
2025-01-10 20:30:02,0,0
2025-01-10 20:30:04,0,0
2025-01-10 20:30:05,0,0
2025-01-10 20:30:07,0,0
2025-01-10 20:30:08,0,0
2025-01-10 20:30:10,0,0
2025-01-10 20:30:11,1,0
2025-01-10 20:30:13,-1,0
2025-01-10 20:30:14,-1,0
2025-01-10 20:30:16,0,0
2025-01-10 20:30:17,-1,0
2025-01-10 20:30:19,-1,0
2025-01-10 20:30:20,-1,0
2025-01-10 20:30:22,-1,0
2025-01-10 20:30:24,-1,0
2025-01-10 20:30:25,-1,0
2025-01-10 20:30:27,0,0
2025-01-10 20:31:17,0,0
2025-01-10 20:31:19,0,0
2025-01-10 20:31:20,0,0
2025-01-10 20:31:22,0,0
2025-01-10 20:31:23,0,0
2025-01-10 20:31:25,-1,0
2025-01-10 20:31:26,-1,0
2025-01-10 20:31:28,-1,0
2025-01-10 20:31:29,-1,0
2025-01-10 20:31:31,-1,0
2025-01-10 20:32:41,0,0
2025-01-12 01:15:42,0,0
2025-01-12 01:15:43,0,0
2025-01-12 01:15:45,0,0
2025-01-12 01:15:46,0,0
2025-01-12 01:15:48,0,0
2025-01-12 01:15:49,0,0
2025-01-12 01:15:51,0,0
2025-01-13 07:46:36,-2,-2
2025-01-13 07:46:37,-2,-2
2025-01-13 07:46:39,-2,-2
2025-01-13 07:46:40,-2,-2
2025-01-13 07:46:42,-2,-2
2025-01-13 07:46:43,-2,-2
2025-01-13 07:54:29,-2,-2
2025-01-13 07:54:31,-2,-2
2025-01-13 07:54:32,-2,-2
2025-01-13 07:54:34,-2,-2
2025-01-13 07:54:35,-2,-2
2025-01-13 07:54:37,-2,-2
2025-01-13 07:54:38,-2,-2
2025-01-13 07:54:40,-2,-2
2025-01-13 07:54:41,-2,-2
2025-01-13 07:54:43,-2,-2
2025-01-13 07:54:44,-2,-2
2025-01-13 07:54:46,-2,-2
2025-01-13 07:54:47,-2,-2
2025-01-13 07:54:49,-2,-2
2025-01-13 07:54:50,-2,-2
2025-01-13 07:54:52,-2,-2
2025-01-13 07:54:53,-2,-2
2025-01-13 07:54:55,-2,-2
2025-01-13 07:54:56,-2,-2
2025-01-13 07:54:58,-2,-2
2025-01-13 07:54:59,-2,-2
2025-01-13 07:55:01,-2,-2
2025-01-13 07:55:02,-2,-2
2025-01-13 07:55:04,-2,-2
2025-01-13 07:55:05,-2,-2
2025-01-13 07:55:07,-2,-2
2025-01-13 07:55:08,-2,-2
2025-01-13 07:55:10,-2,-2
2025-01-13 07:55:11,-2,-2
2025-01-13 07:55:13,-2,-2
2025-01-13 07:55:14,-2,-2
2025-01-13 07:55:16,-2,-2
2025-01-13 07:55:17,-2,-2
2025-01-13 07:55:19,-2,-2
2025-01-13 07:55:20,-2,-2
2025-01-13 07:55:22,-2,-2
2025-01-13 07:55:23,-2,-2
2025-01-13 07:55:25,-2,-2
2025-01-13 07:55:26,-2,-2
2025-01-13 07:55:28,-2,-2
2025-01-13 07:55:29,-2,-2
2025-01-13 07:55:31,-2,-2
2025-01-13 07:55:32,-2,-2
2025-01-13 07:55:34,-2,-2
2025-01-13 07:55:35,-2,-2
2025-01-13 07:55:37,-2,-2
2025-01-13 07:55:39,-2,-2
2025-01-13 07:55:40,-2,-2
2025-01-13 07:55:42,-2,-2
2025-01-13 07:55:43,-2,-2
2025-01-13 07:55:45,-2,-2
2025-01-13 07:55:46,-2,-2
2025-01-13 07:55:48,-2,-2
2025-01-13 07:55:49,-2,-2
2025-01-13 07:55:51,-2,-2
2025-01-13 07:55:52,-2,-2
2025-01-13 07:55:54,-2,-2
2025-01-13 08:00:52,-2,-2
2025-01-13 08:04:29,0,-1
2025-01-13 08:04:31,0,0
2025-01-13 08:04:32,0,0
2025-01-13 08:04:34,0,0
2025-01-13 08:04:35,0,0
2025-01-13 08:04:37,0,0
2025-01-13 08:04:39,0,0
2025-01-13 08:04:40,0,0
2025-01-13 08:04:42,0,0
2025-01-13 08:04:43,0,0
2025-01-13 08:04:45,0,0
2025-01-13 08:04:46,-1,-1
2025-01-13 08:04:48,0,-1
2025-01-13 08:04:49,-1,0
2025-01-13 08:04:51,0,0
2025-01-13 08:04:52,0,0
2025-01-13 08:04:54,0,0
2025-01-13 08:04:56,0,0
2025-01-13 08:08:12,0,0
2025-01-13 08:09:38,0,0
2025-01-13 08:09:40,0,0
2025-01-13 08:09:41,0,0
2025-01-13 08:09:43,0,0
2025-01-13 08:09:44,0,0
2025-01-13 08:09:46,0,0
2025-01-13 08:10:39,0,0
2025-01-13 08:10:40,-2,-2
2025-01-13 08:10:42,0,0
2025-01-13 08:10:43,0,0
2025-01-13 08:10:45,0,0
2025-01-13 08:10:46,0,0
2025-01-13 08:10:48,0,0
2025-01-13 08:10:50,0,0
2025-01-13 08:10:51,0,0
2025-01-13 08:10:53,0,0
2025-01-13 08:10:54,0,0
2025-01-13 08:10:56,0,0
2025-01-13 08:10:57,0,0
2025-01-13 08:10:59,0,0
2025-01-13 08:11:00,0,0
2025-01-13 08:11:02,0,0
2025-01-13 08:11:03,0,0
2025-01-13 08:11:05,0,0
2025-01-13 08:19:24,0,0
2025-01-13 08:19:26,0,0
2025-01-13 08:19:27,0,1
2025-01-13 08:19:29,0,0
2025-01-13 08:19:30,0,0
2025-01-13 08:19:32,0,0
2025-01-13 08:19:33,0,0
2025-01-13 08:19:35,0,0
2025-01-13 08:19:36,0,0
2025-01-13 08:19:38,0,0
2025-01-13 08:19:39,0,0
2025-01-13 08:19:41,0,0
2025-01-13 08:19:43,0,0
2025-01-13 08:19:44,0,0
2025-01-13 08:19:46,0,1
2025-01-13 08:19:47,1,0
2025-01-13 08:19:49,0,0
2025-01-13 08:19:50,0,0
2025-01-13 08:19:52,0,0
2025-01-13 08:19:53,0,0
2025-01-13 08:19:55,0,0
2025-01-13 08:19:56,0,0
2025-01-13 08:19:58,0,0
2025-01-13 08:19:59,0,0
2025-01-13 08:20:01,0,1
2025-01-13 08:20:02,0,1
2025-01-13 08:20:04,0,0
2025-01-13 08:20:05,0,1
2025-01-13 08:20:07,0,0
2025-01-13 08:20:08,0,0
2025-01-13 08:20:10,0,0
2025-01-13 08:20:11,1,0
2025-01-13 08:20:13,0,1
2025-01-13 08:20:14,0,0
2025-01-13 08:20:16,0,0
2025-01-13 08:20:17,0,0
2025-01-13 08:20:19,0,0
2025-01-13 08:20:21,0,0
2025-01-14 02:43:35,-2,-2
2025-01-14 02:43:37,0,0
2025-01-14 02:43:38,0,0
2025-01-14 02:43:40,0,0
2025-01-14 02:43:41,0,0
2025-01-14 02:43:43,0,0
2025-01-14 02:43:44,0,0
2025-01-14 02:43:46,0,0
2025-01-14 02:43:48,0,0
2025-01-14 02:43:49,-1,0
2025-01-14 02:43:51,1,0
2025-01-14 02:43:52,0,0
2025-01-14 02:44:48,0,0
2025-01-14 02:44:50,0,0
2025-01-14 02:44:51,0,0
2025-01-14 02:44:53,0,0
2025-01-14 02:44:55,0,0
2025-01-14 02:44:56,0,0
2025-01-14 02:44:58,0,0
2025-01-14 02:44:59,0,0
2025-01-14 02:45:01,0,0
2025-01-14 02:45:02,0,0
2025-01-14 02:45:04,0,0
2025-01-14 02:45:05,0,0
2025-01-14 02:45:07,0,0
2025-01-14 02:45:08,0,0
2025-01-14 02:45:10,0,0
2025-01-14 02:50:27,0,0
2025-01-14 02:50:28,0,0
2025-01-14 02:50:30,0,0
2025-01-14 02:50:31,0,0
2025-01-14 02:50:33,0,0
2025-01-14 02:50:34,0,0
2025-01-14 02:50:36,0,0
2025-01-14 02:50:37,0,0
2025-01-14 02:50:39,0,0
2025-01-14 02:50:40,0,0
2025-01-14 02:51:27,0,0
2025-01-14 02:51:28,0,0
2025-01-14 02:51:30,0,0
2025-01-14 02:51:31,0,0
2025-01-14 02:51:33,0,0
2025-01-14 02:51:34,0,0
2025-01-14 02:51:36,0,0
2025-01-14 02:51:37,0,0
2025-01-14 02:52:06,0,0
2025-01-14 02:52:08,0,0
2025-01-14 02:52:09,0,0
2025-01-14 02:52:11,0,0
2025-01-14 02:52:12,0,0
2025-01-14 02:52:14,0,0
2025-01-14 02:52:15,0,0
2025-01-14 02:52:17,0,0
2025-01-14 02:52:18,0,0
2025-01-14 03:04:09,0,0
2025-01-14 03:06:27,0,0
2025-01-14 03:06:29,0,0
2025-01-14 03:06:31,0,0
2025-01-14 03:06:32,0,0
2025-01-14 03:06:34,0,0
2025-01-14 03:06:35,0,0
2025-01-14 03:06:37,0,0
2025-01-14 03:06:38,0,0
2025-01-14 03:06:40,0,0
2025-01-14 03:06:41,0,0
2025-01-14 03:06:43,0,0
2025-01-14 03:06:44,0,0
2025-01-14 03:06:46,0,0
2025-01-14 03:06:47,0,0
2025-01-14 03:09:57,0,0
2025-01-14 03:09:58,0,0
2025-01-14 03:10:00,0,0
2025-01-14 03:10:01,0,0
2025-01-14 03:10:03,0,0
2025-01-14 03:10:04,-1,0
2025-01-14 03:10:06,-1,0
2025-01-14 03:10:07,0,0
2025-01-14 03:10:09,-1,0
2025-01-14 03:10:10,-1,0
2025-01-14 03:10:12,-1,0
2025-01-14 03:10:13,-1,0
2025-01-14 03:10:15,-1,0
2025-01-14 03:10:16,0,0
2025-01-14 03:10:18,0,0
2025-01-14 03:10:20,0,0
2025-01-14 03:10:21,0,0
2025-01-14 03:11:04,0,0
2025-01-14 03:11:06,0,0
2025-01-14 03:11:07,0,0
2025-01-14 03:11:09,0,0
2025-01-14 03:11:10,0,0
2025-01-14 03:11:12,0,0
2025-01-14 03:11:14,0,0
2025-01-14 03:11:15,0,0
2025-01-14 03:11:17,-1,0
2025-01-14 03:11:18,-1,0
2025-01-14 03:11:20,-1,0
2025-01-14 03:11:21,-1,0
2025-01-14 03:11:23,0,0
2025-01-14 03:11:24,0,0
2025-01-14 03:11:26,0,0
2025-01-14 03:11:27,0,0
2025-01-14 03:11:29,0,0
2025-01-14 03:19:19,0,0
2025-01-14 03:19:21,0,0
2025-01-14 03:19:22,0,0
2025-01-14 03:19:24,0,0
2025-01-14 03:19:25,0,0
2025-01-14 03:19:27,1,0
2025-01-14 03:19:28,0,0
2025-01-14 03:19:30,0,0
2025-01-14 03:19:31,1,0
2025-01-14 03:19:33,1,0
2025-01-14 03:19:34,0,0
2025-01-14 03:19:36,0,0
2025-01-14 03:19:37,0,0
2025-01-14 03:19:39,0,0
2025-01-14 03:19:40,-1,0
2025-01-14 03:19:42,-1,-1
2025-01-14 03:19:43,-1,0
2025-01-14 03:19:45,0,0
2025-01-14 03:19:46,0,0
2025-01-14 05:03:09,0,0
2025-01-14 05:03:10,0,0
2025-01-14 05:03:12,0,0
2025-01-14 05:03:13,0,0
2025-01-14 05:03:15,1,0
2025-01-14 05:03:16,1,0
2025-01-14 05:03:18,1,0
2025-01-14 05:03:19,1,0
2025-01-14 05:03:21,1,0
2025-01-14 05:03:22,1,0
2025-01-14 05:03:24,1,0
2025-01-14 05:03:25,1,0
2025-01-14 05:03:27,1,0
2025-01-14 05:03:29,1,0
2025-01-14 05:03:30,1,0
2025-01-14 05:03:32,0,0
2025-01-14 05:05:40,0,0
2025-01-14 05:05:42,0,0
2025-01-14 05:05:44,1,0
2025-01-14 05:05:45,0,0
2025-01-14 05:05:47,1,0
2025-01-14 05:05:48,1,0
2025-01-14 05:05:50,0,0
2025-01-14 05:05:51,1,0
2025-01-14 05:05:53,1,0
2025-01-14 05:05:54,1,0
2025-01-14 05:05:56,1,0
2025-01-14 05:05:57,1,0
2025-01-14 05:05:59,0,0
2025-01-14 05:06:00,0,0
2025-01-14 05:06:02,0,0
2025-01-14 05:06:03,0,0
2025-01-14 05:06:05,0,0
2025-01-14 05:06:07,0,0
2025-01-14 05:06:08,0,0
2025-01-14 05:06:10,0,0
2025-01-14 05:06:11,-1,0
2025-01-14 05:06:13,-1,0
2025-01-14 05:06:14,-1,0
2025-01-14 05:07:57,0,0
2025-01-14 05:07:58,0,0
2025-01-14 05:10:45,0,0
2025-01-14 05:10:47,0,0
2025-01-14 05:10:48,0,0
2025-01-14 05:13:34,0,0
2025-01-14 05:13:36,0,0
2025-01-14 05:13:38,0,0
2025-01-14 05:13:39,0,0
2025-01-14 05:13:41,0,0
2025-01-14 05:13:42,0,0
2025-01-14 05:13:44,0,0
2025-01-14 05:13:45,0,0
2025-01-14 05:13:47,0,0
2025-01-14 05:13:48,0,0
2025-01-14 05:21:32,0,0
2025-01-14 05:21:33,0,0
2025-01-14 05:21:35,0,0
2025-01-14 05:21:36,0,0
2025-01-14 05:21:38,0,0
2025-01-14 05:21:39,0,0
2025-01-14 05:21:41,0,0
2025-01-14 05:21:43,0,0
2025-01-14 05:21:44,0,0
2025-01-14 05:21:46,0,0
2025-01-14 05:21:47,0,0
2025-01-14 05:31:56,0,0
2025-01-14 05:31:58,0,0
2025-01-14 05:31:59,0,0
2025-01-14 05:32:01,0,-1
2025-01-14 05:32:02,0,0
2025-01-14 05:32:04,0,0
2025-01-14 05:32:05,0,0
2025-01-14 05:32:07,0,0
2025-01-14 05:32:08,0,0
2025-01-14 05:32:10,0,0
2025-01-14 05:33:23,0,0
2025-01-14 05:33:24,0,0
2025-01-14 05:33:26,0,0
2025-01-14 05:33:27,0,0
2025-01-14 05:33:29,0,0
2025-01-14 05:33:30,0,0
2025-01-14 05:33:32,0,0
2025-01-14 05:33:33,0,0
2025-01-14 05:33:35,0,0
2025-01-14 05:33:36,0,0
2025-01-14 05:33:38,0,0
2025-01-14 05:33:39,0,0
2025-01-14 05:33:41,0,0
2025-01-14 05:33:42,0,-1
2025-01-14 05:33:44,0,0
2025-01-14 05:33:46,0,0
2025-01-14 05:33:47,0,0
2025-01-14 05:33:49,0,0
2025-01-14 05:33:50,0,0
2025-01-14 05:33:52,0,0
2025-01-14 05:33:53,0,0
2025-01-14 05:33:55,0,0
2025-01-14 05:36:16,0,0
2025-01-14 05:36:17,0,0
2025-01-14 05:36:19,0,0
2025-01-14 05:36:21,0,0
2025-01-14 05:36:22,0,0
2025-01-14 05:36:24,0,0
2025-01-14 05:36:25,0,0
2025-01-14 05:36:27,0,0
2025-01-14 05:36:28,0,0
2025-01-14 05:36:30,0,0
2025-01-14 05:36:31,0,0
2025-01-14 05:36:33,0,0
2025-01-14 05:37:47,0,0
2025-01-14 05:37:49,0,0
2025-01-14 05:37:50,0,0
2025-01-14 05:37:52,1,0
2025-01-14 05:37:53,1,0
2025-01-14 05:37:55,1,0
2025-01-14 05:37:56,1,0
2025-01-14 05:37:58,-1,0
2025-01-14 05:37:59,1,0
2025-01-14 05:38:01,1,0
2025-01-14 05:38:03,1,0
2025-01-14 05:38:04,0,0
2025-01-14 05:38:06,1,0
2025-01-14 05:38:07,1,0
2025-01-14 05:38:09,1,0
2025-01-14 05:38:10,0,0
2025-01-14 05:38:12,-1,0
2025-01-14 05:38:13,0,0
2025-01-14 05:38:15,-1,0
2025-01-14 05:38:16,-1,0
2025-01-14 05:38:18,-1,0
2025-01-14 05:38:19,-1,0
2025-01-14 05:38:21,0,0
2025-01-14 05:38:22,-1,0
2025-01-14 05:38:24,-1,0
2025-01-14 05:38:25,-1,0
2025-01-14 05:38:27,0,0
2025-01-14 05:38:28,0,0
2025-01-14 05:38:30,0,0
2025-01-14 05:38:31,0,0
2025-01-14 05:38:33,-1,0
2025-01-14 05:38:34,0,0
2025-01-14 05:38:36,0,0
2025-01-14 05:38:38,0,0
2025-01-14 05:39:26,0,0
2025-01-14 05:39:27,0,0
2025-01-14 05:39:29,0,0
2025-01-14 05:39:30,1,0
2025-01-14 05:39:32,1,0
2025-01-14 05:39:33,1,0
2025-01-14 05:39:35,1,0
2025-01-14 05:39:36,0,0
2025-01-14 05:39:38,1,0
2025-01-14 05:39:39,1,0
2025-01-14 05:39:41,1,0
2025-01-14 05:39:42,1,0
2025-01-14 05:39:44,1,0
2025-01-14 05:39:45,1,0
2025-01-14 05:39:47,1,0
2025-01-14 05:39:48,-1,0
2025-01-14 05:39:50,-1,0
2025-01-14 05:39:51,0,0
2025-01-14 05:41:48,0,0
2025-01-14 05:41:50,0,0
2025-01-14 05:41:51,0,0
2025-01-14 05:41:53,0,0
2025-01-14 05:41:54,0,0
2025-01-14 05:41:56,0,0
2025-01-14 05:49:02,-2,-2
2025-01-14 05:49:04,-2,-2
2025-01-14 05:49:36,0,0
2025-01-14 05:49:38,0,0
2025-01-14 05:49:39,0,0
2025-01-14 05:49:41,0,0
2025-01-14 05:49:42,0,0
2025-01-14 05:49:44,0,0
2025-01-14 05:49:45,0,0
2025-01-14 05:49:47,0,0
2025-01-14 05:49:48,0,0
2025-01-14 05:49:50,0,0
2025-01-14 05:49:51,-1,0
2025-01-14 05:49:53,1,0
2025-01-14 05:49:54,0,0
2025-01-14 05:49:56,1,0
2025-01-14 05:49:57,1,0
2025-01-14 05:49:59,0,0
2025-01-14 05:50:01,0,0
2025-01-14 05:50:02,1,0
2025-01-14 05:50:04,-1,0
2025-01-14 05:50:05,0,0
2025-01-14 05:50:07,0,0
2025-01-14 05:50:08,0,0
2025-01-14 05:50:10,0,0
2025-01-14 05:50:11,0,0
2025-01-14 05:50:13,0,0
2025-01-14 05:50:14,0,0
2025-01-14 05:50:16,-1,0
2025-01-14 05:50:17,0,0
2025-01-14 05:50:19,0,0
2025-01-14 05:50:20,0,0
2025-01-14 05:50:22,0,0
2025-01-14 05:50:23,0,0
2025-01-14 05:50:25,0,0
2025-01-14 05:50:26,-1,0
2025-01-14 05:50:28,0,0
2025-01-14 05:50:29,0,0
2025-01-14 05:50:31,0,0
2025-01-14 05:50:32,0,0
2025-01-14 05:50:34,0,-1
2025-01-14 05:50:36,0,0
2025-01-14 05:50:37,0,0
2025-01-14 05:50:39,0,0
2025-01-14 05:50:40,0,0
2025-01-14 05:50:42,0,0
2025-01-14 05:50:43,0,0
2025-01-14 05:50:45,0,0
2025-01-14 05:50:46,0,0
2025-01-14 05:50:48,0,0
2025-01-14 05:50:49,0,0
2025-01-14 05:50:51,0,0
2025-01-14 05:50:52,0,0
2025-01-14 05:50:54,0,0
2025-01-14 05:50:55,0,0
2025-01-14 05:50:57,0,0
2025-01-14 05:50:58,0,0
2025-01-14 05:51:00,0,0
2025-01-14 05:51:01,0,0
2025-01-14 05:51:03,0,0
2025-01-14 05:51:04,0,0
2025-01-14 05:51:06,0,0
2025-01-14 05:51:08,0,0
2025-01-14 05:51:09,0,0
2025-01-14 05:51:11,0,0
2025-01-14 05:51:12,0,0
2025-01-14 05:51:14,0,0
2025-01-14 05:51:15,0,0
2025-01-14 05:51:17,0,0
2025-01-14 05:51:18,0,0
2025-01-14 05:51:20,-1,0
2025-01-14 05:51:21,0,0
2025-01-14 05:51:23,-1,0
2025-01-14 05:51:24,-1,0
2025-01-14 05:51:26,0,0
2025-01-14 05:51:27,-1,0
2025-01-14 06:25:12,0,0
2025-01-14 06:25:14,0,0
2025-01-14 06:25:15,1,0
2025-01-14 06:25:17,1,0
2025-01-14 06:25:18,0,0
2025-01-14 06:25:20,0,0
2025-01-14 06:25:22,0,0
2025-01-14 06:25:23,0,0
2025-01-14 06:25:25,0,0
2025-01-14 06:25:26,0,0
2025-01-14 06:25:28,0,0
2025-01-14 06:25:29,0,-1
2025-01-14 06:25:31,0,0
2025-01-14 06:25:32,0,0
2025-01-14 06:25:34,1,-1
2025-01-14 06:25:35,0,-1
2025-01-14 06:25:37,0,0
2025-01-14 06:25:38,0,-1
2025-01-14 06:25:40,0,-1
2025-01-14 06:25:41,0,-1
2025-01-14 06:25:43,0,-1
2025-01-14 06:25:44,1,-1
2025-01-14 06:25:46,0,-1
2025-01-14 06:25:47,0,0
2025-01-14 06:25:49,0,0
2025-01-14 06:25:50,0,0
2025-01-14 06:25:52,0,0
2025-01-14 06:25:54,0,0
2025-01-14 06:25:55,0,0
2025-01-14 06:25:57,1,0
2025-01-14 06:25:58,0,-1
2025-01-14 06:26:00,0,-1
2025-01-14 06:26:01,0,0
2025-01-14 06:26:03,0,0
2025-01-14 06:38:15,0,-1
2025-01-14 06:38:16,0,0
2025-01-14 06:38:18,0,0
2025-01-14 06:38:19,0,0
2025-01-14 06:38:21,0,0
2025-01-14 06:38:22,0,0
2025-01-14 06:38:24,0,0
2025-01-14 06:38:25,0,0
2025-01-14 06:38:27,0,0
2025-01-14 06:38:29,0,0
2025-01-14 06:38:30,0,-1
2025-01-14 06:38:32,0,0
2025-01-14 06:38:33,0,0
2025-01-14 06:38:45,0,0
2025-01-14 06:40:01,0,0
2025-01-14 06:40:03,0,0
2025-01-14 06:40:04,0,0
2025-01-14 06:40:06,0,0
2025-01-14 06:40:07,0,-1
2025-01-14 06:40:14,0,0
2025-01-14 06:40:57,0,0
2025-01-14 06:40:58,0,0
2025-01-14 06:41:00,0,0
2025-01-14 06:41:01,0,-1
2025-01-14 06:41:03,0,0
2025-01-14 06:41:04,0,1
2025-01-14 06:41:07,0,0
2025-01-14 06:41:08,0,-1
2025-01-14 06:41:10,0,-1
2025-01-14 06:41:11,0,0
2025-01-14 06:41:14,0,0
2025-01-14 06:41:16,0,0
2025-01-14 06:41:18,0,0
2025-01-14 06:43:34,0,0
2025-01-14 06:43:36,0,0
2025-01-14 06:43:37,0,0
2025-01-14 06:43:39,0,0
2025-01-14 06:43:40,0,0
2025-01-14 06:43:42,0,-1
2025-01-14 06:43:44,0,0
2025-01-14 06:43:45,0,0
2025-01-14 06:43:47,0,0
2025-01-14 06:43:49,0,0
2025-01-14 06:43:50,0,0
2025-01-14 06:43:52,0,0
2025-01-14 06:43:54,0,0
2025-01-14 06:43:56,0,0
2025-01-14 06:43:57,0,0
2025-01-14 06:43:59,0,0
2025-01-14 06:44:00,0,0
2025-01-14 06:44:02,0,-1
2025-01-14 06:44:03,0,0
2025-01-14 06:44:05,0,-1
2025-01-14 06:44:08,0,0
2025-01-14 06:47:44,0,0
2025-01-14 06:47:46,0,0
2025-01-14 06:47:47,0,0
2025-01-14 06:47:49,0,0
2025-01-14 06:47:50,0,0
2025-01-14 06:47:52,0,-1
2025-01-14 06:47:54,0,0
2025-01-14 06:47:56,0,0
2025-01-14 06:47:57,0,-1
2025-01-14 06:47:59,0,0
2025-01-14 06:48:39,0,0
2025-01-14 06:48:40,0,0
2025-01-14 06:48:42,0,0
2025-01-14 06:48:43,0,0
2025-01-14 06:48:45,0,0
2025-01-14 06:48:46,0,-1
2025-01-14 06:48:48,0,-1
2025-01-14 06:48:49,0,-1
2025-01-14 06:48:51,0,0
2025-01-14 06:48:52,0,-1
2025-01-14 06:48:54,0,-1
2025-01-14 06:48:56,0,0
2025-01-14 06:51:30,0,0
2025-01-14 06:51:32,0,0
2025-01-14 06:51:33,0,0
2025-01-14 06:51:35,0,-1
2025-01-14 06:51:36,0,0
2025-01-14 06:51:38,0,0
2025-01-14 06:51:39,0,-1
2025-01-14 06:51:41,0,0
2025-01-14 06:51:43,0,-1
2025-01-14 06:51:44,0,0
2025-01-14 06:51:46,0,0
2025-01-14 06:51:47,0,-1
2025-01-14 06:51:49,1,-1
2025-01-14 06:51:50,0,0
2025-01-14 06:51:52,0,0
2025-01-14 06:51:54,0,0
2025-01-14 06:51:55,0,-1
2025-01-14 06:51:57,0,0
2025-01-14 06:51:58,0,0
2025-01-14 06:52:00,0,0
2025-01-14 06:52:01,0,0
2025-01-14 06:52:03,0,0
2025-01-14 06:52:04,0,0
2025-01-14 06:52:06,0,-1
2025-01-14 06:52:07,0,-1
2025-01-14 06:52:09,0,-1
2025-01-14 06:52:11,0,0
2025-01-14 06:52:12,0,0
2025-01-14 06:52:14,0,0
2025-01-14 06:52:15,0,-1
2025-01-14 06:52:17,0,0
2025-01-14 06:52:18,0,0
2025-01-14 06:53:09,0,0
2025-01-14 06:53:10,0,0
2025-01-14 06:53:12,0,1
2025-01-14 06:53:13,0,0
2025-01-14 06:53:15,0,0
2025-01-14 06:53:17,0,-1
2025-01-14 06:53:19,0,0
2025-01-14 06:53:20,0,0
2025-01-14 06:53:22,0,-1
2025-01-14 06:53:23,0,-1
2025-01-14 06:53:25,0,0
2025-01-14 06:53:26,0,-1
2025-01-14 06:53:28,0,0
2025-01-14 06:53:29,0,0
2025-01-14 06:53:31,0,-1
2025-01-14 06:53:33,0,0
2025-01-14 07:29:50,0,0
2025-01-14 07:29:52,0,0
2025-01-14 07:29:53,0,0
2025-01-14 07:29:55,0,0
2025-01-14 07:29:56,0,0
2025-01-14 07:29:58,0,0
2025-01-17 04:05:38,-2,-2
2025-01-17 04:05:39,0,0
2025-01-17 04:05:41,0,-1
2025-01-17 04:05:42,0,0
2025-01-17 04:05:44,0,0
2025-01-17 04:05:45,0,0
2025-01-17 04:05:47,0,0
2025-01-17 04:05:48,0,0
2025-01-17 04:05:50,0,0
2025-01-17 04:05:51,0,0
2025-01-17 04:05:53,0,0
2025-01-17 04:05:54,0,0
2025-01-17 04:11:37,0,0
2025-01-17 04:11:39,0,0
2025-01-17 04:11:40,0,0
2025-01-17 04:11:42,0,0
2025-01-17 04:11:43,0,0
2025-01-17 04:11:45,0,0
2025-01-17 04:11:46,0,0
2025-01-17 04:21:36,-2,-2
2025-01-17 04:21:38,0,0
2025-01-17 04:21:39,0,0
2025-01-17 04:21:41,0,0
2025-01-17 04:21:42,0,0
2025-01-17 04:21:44,0,0
2025-01-17 04:21:46,0,0
2025-01-17 04:21:47,0,0
2025-01-17 04:23:36,-2,-2
2025-01-17 04:23:38,0,0
2025-01-17 04:23:39,0,0
2025-01-17 04:23:41,0,0
2025-01-17 04:23:42,0,0
2025-01-17 04:23:44,0,0
2025-01-17 04:23:45,0,0
2025-01-17 04:23:47,0,0
2025-01-17 04:23:48,0,0
2025-01-17 04:23:50,0,0
2025-01-17 04:23:52,0,0
2025-01-17 04:23:53,0,0
2025-01-17 04:23:55,0,0
2025-01-17 04:31:10,0,-1
2025-01-17 04:31:11,0,0
2025-01-17 04:31:13,0,0
2025-01-17 04:31:14,0,0
2025-01-17 04:31:16,0,0
2025-01-17 04:31:17,0,0
2025-01-17 04:31:19,0,0
2025-01-17 04:32:53,0,0
2025-01-17 04:32:55,0,0
2025-01-17 04:32:56,0,0
2025-01-17 04:32:58,0,0
2025-01-17 04:32:59,0,0
2025-01-17 04:33:01,0,0
2025-01-17 04:33:03,0,0
2025-01-17 04:33:04,0,0
2025-01-17 04:35:34,0,0
2025-01-17 04:35:35,0,0
2025-01-17 04:35:37,-1,0
2025-01-17 04:35:38,-1,0
2025-01-17 04:35:40,0,0
2025-01-17 04:35:41,0,0
2025-01-17 04:35:43,0,0
2025-01-17 04:35:45,0,0
2025-01-17 04:35:46,0,0
2025-01-17 04:37:21,0,0
2025-01-17 04:37:22,0,0
2025-01-17 04:37:24,0,0
2025-01-17 04:37:25,0,0
2025-01-17 04:37:27,0,0
2025-01-17 04:37:28,0,0
2025-01-17 04:37:30,0,0
2025-01-17 04:37:31,0,0
2025-01-17 04:37:33,0,0
2025-01-17 04:37:34,0,0
2025-01-17 04:37:36,-1,0
2025-01-17 04:37:37,0,0
2025-01-17 04:37:39,0,0
2025-01-17 04:38:33,0,0
2025-01-17 04:38:35,0,0
2025-01-17 04:38:36,0,0
2025-01-17 04:38:38,0,0
2025-01-17 04:38:40,-2,-2
2025-01-17 04:38:41,0,0
2025-01-17 04:38:43,0,0
2025-01-17 04:38:44,0,0
2025-01-17 04:38:46,0,0
2025-01-17 04:38:47,0,0
2025-01-17 04:38:49,1,0
2025-01-17 04:38:50,0,0
2025-01-17 04:39:29,0,0
2025-01-17 04:39:31,0,0
2025-01-17 04:39:32,0,0
2025-01-17 04:39:34,0,0
2025-01-17 04:39:35,0,0
2025-01-17 04:39:37,0,0
2025-01-17 04:39:38,0,0
2025-01-17 04:40:52,0,0
2025-01-17 04:40:54,0,0
2025-01-17 04:40:55,0,0
2025-01-17 04:40:57,-2,-2
2025-01-17 04:41:58,0,0
2025-01-17 04:42:00,0,0
2025-01-17 04:42:02,0,0
2025-01-17 04:42:03,0,0
2025-01-17 04:42:38,0,0
2025-01-17 04:42:39,0,0
2025-01-17 04:42:41,0,0
2025-01-17 04:42:42,0,0
2025-01-17 04:42:44,0,0
2025-01-17 04:42:45,-2,-2
2025-01-17 04:42:47,0,0
2025-01-17 04:42:48,0,0
2025-01-17 04:42:50,0,0
2025-01-17 04:42:52,0,0
2025-01-17 04:42:53,0,0
2025-01-17 04:42:55,0,0
2025-01-17 04:42:56,-1,0
2025-01-17 04:42:58,-1,0
2025-01-17 04:42:59,0,0
2025-01-17 04:43:01,-1,0
2025-01-17 04:43:02,-1,0
2025-01-17 04:43:04,0,0
2025-01-17 04:43:05,-1,0
2025-01-17 04:43:07,0,0
2025-01-17 04:43:08,-1,0
2025-01-17 04:43:11,0,0
2025-01-17 04:43:13,0,0
2025-01-17 04:43:14,0,0
2025-01-17 04:43:16,-2,-2
2025-01-17 04:43:25,0,0
2025-01-17 04:44:49,0,0
2025-01-17 04:44:51,0,0
2025-01-17 04:44:52,0,0
2025-01-17 04:44:54,-1,0
2025-01-17 04:44:55,0,0
2025-01-17 04:44:57,-1,0
2025-01-17 04:44:58,-1,0
2025-01-17 04:45:01,0,0
2025-01-17 04:45:02,-2,-2
2025-01-17 04:45:04,0,0
2025-01-17 04:45:06,-2,-2
2025-01-17 04:45:15,0,0
2025-01-17 04:45:16,0,0
2025-01-17 04:45:18,0,0
2025-01-17 04:45:19,0,0
2025-01-17 04:45:21,0,0
2025-01-17 04:45:22,0,0
2025-01-17 04:45:24,0,0
2025-01-17 04:45:25,0,0
2025-01-17 04:45:27,0,0
2025-01-17 04:45:28,0,0
2025-01-17 04:45:30,0,0
2025-01-17 04:45:32,0,0
2025-01-17 04:45:33,0,0
2025-01-17 04:45:35,0,0
2025-01-17 04:45:36,-2,-2
2025-01-17 04:45:38,0,0
2025-01-17 04:45:39,0,0
2025-01-17 17:25:33,1,0
2025-01-17 17:25:35,0,0
2025-01-17 17:25:37,0,0
2025-01-17 17:25:38,-1,0
2025-01-17 17:25:40,1,0
2025-01-17 17:25:41,-1,0
2025-01-17 17:25:43,1,0
2025-01-17 17:25:44,1,0
2025-01-17 17:25:46,1,0
2025-01-17 17:25:47,1,0
2025-01-17 17:25:49,-1,0
2025-01-17 17:25:50,0,0
2025-01-17 17:25:52,0,0
2025-01-17 17:25:53,0,0
2025-01-17 17:25:55,0,0
2025-01-17 17:25:56,0,0
2025-01-17 17:25:58,0,0
2025-01-17 17:26:30,0,0
2025-01-17 17:26:32,0,0
2025-01-17 17:26:33,0,0
2025-01-17 17:26:35,0,0
2025-01-17 17:26:37,0,0
2025-01-17 17:26:38,0,0
2025-01-17 17:26:40,0,0
2025-01-17 17:26:41,0,0
2025-01-17 17:26:43,0,0
2025-01-17 17:26:44,-2,-2
2025-01-17 17:26:46,-2,-2
2025-01-17 17:26:47,0,0
2025-01-17 17:26:49,-1,0
2025-01-17 17:26:50,-1,0
2025-01-17 17:26:52,-1,0
2025-01-17 17:26:53,-1,0
2025-01-17 17:26:55,0,0
2025-01-17 17:27:01,0,0
2025-01-17 17:27:03,-1,0
2025-01-17 17:27:04,-1,0
2025-01-17 17:27:06,-1,0
2025-01-17 17:27:09,0,0
2025-01-17 17:27:13,0,0
2025-01-17 17:27:14,-2,-2
2025-01-17 17:27:16,-2,-2
2025-01-17 17:27:17,0,0
2025-01-17 17:27:19,0,0
2025-01-17 17:27:20,0,0
2025-01-17 17:27:22,0,0
2025-01-17 17:29:24,0,0
2025-01-17 17:29:26,-2,-2
2025-01-17 17:29:27,-2,-2
2025-01-17 17:29:29,0,0
2025-01-17 17:29:30,0,0
2025-01-17 17:29:32,0,0
2025-01-17 17:29:33,0,0
2025-01-17 17:29:35,0,0
2025-01-17 17:29:37,0,0
2025-01-17 17:29:38,-2,-2
2025-01-17 17:29:40,0,0
2025-01-17 17:29:41,0,0
2025-01-17 17:29:43,0,0
2025-01-17 17:29:44,0,0
2025-01-17 17:29:46,0,0
2025-01-17 17:29:47,0,0
2025-01-17 17:29:49,0,0
2025-01-17 17:29:50,0,0
2025-01-17 17:29:52,0,0
2025-01-17 17:29:53,0,0
2025-01-17 17:29:55,0,0
2025-01-17 17:29:56,0,0
2025-01-17 17:29:58,0,0
2025-01-17 17:29:59,0,0
2025-01-17 17:32:20,0,-1
2025-01-17 17:32:21,0,0
2025-01-17 17:32:23,0,0
2025-01-17 17:32:24,0,0
2025-01-17 17:32:26,0,0
2025-01-17 17:32:27,0,0
2025-01-17 17:32:29,0,0
2025-01-17 17:32:30,0,0
2025-01-17 17:32:32,0,0
2025-01-17 17:32:33,0,0
2025-01-17 17:32:35,0,0
2025-01-17 17:32:36,0,0
2025-01-17 17:32:38,0,0
2025-01-17 17:32:40,0,0
2025-01-17 17:32:41,0,0
2025-01-17 17:32:43,0,0
2025-01-17 17:33:46,0,0
2025-01-17 17:33:47,0,0
2025-01-17 17:33:49,0,0
2025-01-17 17:33:50,0,0
2025-01-17 17:33:52,0,0
2025-01-17 17:33:53,0,0
2025-01-17 17:33:55,0,0
2025-01-17 17:33:57,0,0
2025-01-17 17:33:58,0,0
2025-01-17 17:34:00,0,0
2025-01-17 17:34:01,0,0
2025-01-17 17:34:03,0,0
2025-01-17 17:34:04,0,0
2025-01-17 17:34:06,0,0
2025-01-17 17:34:07,-2,-2
2025-01-17 17:34:09,0,0
2025-01-17 17:34:10,0,0
2025-01-17 17:34:12,0,0
2025-01-17 17:35:47,0,0
2025-01-17 17:35:49,0,0
2025-01-17 17:35:50,0,0
2025-01-17 17:35:52,0,0
2025-01-17 17:35:54,0,0
2025-01-17 17:35:55,0,0
2025-01-17 17:35:57,0,0
2025-01-17 17:35:58,0,0
2025-01-17 17:36:00,0,0
2025-01-17 17:36:01,0,0
2025-01-17 17:36:03,0,0
2025-01-17 17:36:04,0,0
2025-01-17 17:36:06,0,0
2025-01-17 17:36:07,0,0
2025-01-17 17:36:09,0,0
2025-01-17 17:36:10,0,0
2025-01-17 17:36:12,0,0
2025-01-17 17:36:58,0,0
2025-01-17 17:36:59,0,0
2025-01-17 17:37:01,0,0
2025-01-17 17:37:03,0,0
2025-01-17 17:37:04,0,0
2025-01-17 17:37:06,0,0
2025-01-17 17:37:07,0,0
2025-01-17 17:37:09,0,0
2025-01-17 17:37:10,0,0
2025-01-17 17:37:12,0,0
2025-01-17 17:37:13,0,0
2025-01-17 17:37:15,0,0
2025-01-17 17:37:16,0,0
2025-01-17 17:37:18,0,0
2025-01-17 17:37:19,0,0
2025-01-17 17:37:21,0,0
2025-01-17 17:38:01,0,0
2025-01-17 17:38:03,0,0
2025-01-17 17:38:04,0,0
2025-01-17 17:38:06,0,0
2025-01-17 17:38:07,0,0
2025-01-17 17:38:09,0,0
2025-01-17 17:38:10,0,0
2025-01-17 17:38:12,0,0
2025-01-17 17:38:13,0,0
2025-01-17 17:38:15,0,0
2025-01-17 17:38:16,0,0
2025-01-17 17:38:18,0,0
2025-01-17 17:38:19,0,0
2025-01-17 17:38:21,0,0
2025-01-17 17:38:22,0,0
2025-01-17 17:38:24,0,0
2025-01-17 17:39:02,0,0
2025-01-17 17:39:03,0,0
2025-01-17 17:39:05,0,0
2025-01-17 17:39:06,0,0
2025-01-17 17:39:08,0,0
2025-01-17 17:39:09,0,0
2025-01-17 17:39:11,0,0
2025-01-17 17:39:12,0,0
2025-01-17 17:39:14,0,0
2025-01-17 17:39:15,0,0
2025-01-17 17:39:17,0,0
2025-01-17 17:39:19,0,0
2025-01-17 17:39:20,0,0
2025-01-17 17:39:22,0,0
2025-01-17 17:39:23,0,0
2025-01-17 17:39:25,0,0
2025-01-17 17:39:26,0,0
2025-01-17 17:40:12,0,0
2025-01-17 17:40:13,0,0
2025-01-17 17:40:15,0,0
2025-01-17 17:40:16,0,0
2025-01-17 17:40:18,0,0
2025-01-17 17:40:19,0,0
2025-01-17 17:40:21,-2,-2
2025-01-17 17:40:22,0,0
2025-01-17 17:40:24,0,0
2025-01-17 17:40:25,0,0
2025-01-17 17:40:27,0,0
2025-01-17 17:40:28,0,0
2025-01-17 17:40:30,0,0
2025-01-17 17:40:31,0,0
2025-01-17 17:40:33,0,0
2025-01-17 17:40:35,0,0
2025-01-17 17:43:26,-2,-2
2025-01-17 17:43:27,0,0
2025-01-17 17:43:29,0,0
2025-01-17 17:43:30,0,0
2025-01-17 17:43:32,0,0
2025-01-17 17:43:34,0,0
2025-01-17 17:43:35,0,0
2025-01-17 17:43:37,0,0
2025-01-17 17:43:38,0,0
2025-01-17 17:43:40,0,0
2025-01-17 17:43:41,-2,-2
2025-01-17 17:43:43,0,0
2025-01-17 17:43:44,0,0
2025-01-17 17:43:46,0,0
2025-01-17 17:43:47,0,0
2025-01-17 17:43:49,0,0
2025-01-17 17:43:50,0,0
2025-01-17 17:45:52,-2,-2
2025-01-17 17:45:54,0,0
2025-01-17 17:45:55,0,0
2025-01-17 17:45:57,0,0
2025-01-17 17:45:58,0,0
2025-01-17 17:46:00,0,0
2025-01-17 17:46:01,0,-1
2025-01-17 17:46:03,0,0
2025-01-17 17:46:04,-2,-2
2025-01-17 17:46:06,0,0
2025-01-17 17:46:07,0,-1
2025-01-17 17:46:09,0,0
2025-01-17 17:46:10,0,0
2025-01-17 17:46:12,0,0
2025-01-17 17:46:13,0,-1
2025-01-17 17:46:15,0,0
2025-01-17 17:49:38,0,0
2025-01-17 17:49:39,0,0
2025-01-17 17:49:41,0,0
2025-01-17 17:49:42,0,0
2025-01-17 17:49:44,0,0
2025-01-17 17:49:45,0,0
2025-01-17 17:49:47,0,0
2025-01-17 17:49:48,-2,-2
2025-01-17 17:49:50,0,0
2025-01-17 17:49:51,-2,-2
2025-01-17 17:49:53,0,0
2025-01-17 17:49:54,0,0
2025-01-17 17:49:56,0,0
2025-01-17 17:49:57,0,0
2025-01-17 17:51:22,0,0
2025-01-17 17:51:23,0,0
2025-01-17 17:51:25,0,0
2025-01-17 17:51:26,0,0
2025-01-17 17:51:28,0,0
2025-01-17 17:51:29,-2,-2
2025-01-17 17:51:31,0,0
2025-01-17 17:51:32,0,0
2025-01-17 17:51:34,0,0
2025-01-17 17:51:35,-2,-2
2025-01-17 17:51:37,0,0
2025-01-17 17:51:38,0,-1
2025-01-17 17:51:40,0,0
2025-01-17 17:51:42,0,0
2025-01-17 17:51:43,0,0
2025-01-17 17:54:41,0,0
2025-01-17 17:54:43,0,0
2025-01-17 17:54:45,0,0
2025-01-17 17:54:46,0,0
2025-01-17 17:54:48,0,0
2025-01-17 17:54:49,0,0
2025-01-17 17:54:51,0,0
2025-01-17 17:54:52,0,0
2025-01-17 17:54:54,0,0
2025-01-17 17:54:55,-2,-2
2025-01-17 17:54:57,0,0
2025-01-17 17:54:58,0,0
2025-01-17 17:55:00,1,0
2025-01-17 17:55:02,0,0
2025-01-17 17:55:03,0,0
2025-01-17 17:55:05,0,0
2025-01-17 17:55:06,0,0
2025-01-17 17:55:08,-2,-2
2025-01-17 17:55:09,0,0
2025-01-17 17:56:41,0,0
2025-01-17 17:56:43,0,0
2025-01-17 17:56:44,0,-1
2025-01-17 17:56:46,0,0
2025-01-17 17:56:47,0,0
2025-01-17 17:56:49,0,0
2025-01-17 17:56:50,0,0
2025-01-17 17:56:52,0,0
2025-01-17 17:56:53,0,0
2025-01-17 17:56:55,0,0
2025-01-17 17:56:56,0,0
2025-01-17 17:56:58,0,0
2025-01-17 17:59:40,0,0
2025-01-17 17:59:42,0,0
2025-01-17 17:59:43,0,0
2025-01-17 17:59:45,0,0
2025-01-17 17:59:46,0,0
2025-01-17 17:59:48,0,0
2025-01-17 17:59:49,0,0
2025-01-17 17:59:51,0,0
2025-01-17 17:59:52,0,0
2025-01-17 17:59:54,0,0
2025-01-17 17:59:56,0,0
2025-01-17 17:59:57,0,0
2025-01-17 17:59:59,0,0
2025-01-17 18:00:00,0,0
2025-01-17 18:00:02,0,-1
2025-01-17 18:00:03,0,-1
2025-01-17 18:00:05,0,-1
2025-01-17 18:00:06,0,0
2025-01-17 18:00:08,0,-1
2025-01-17 18:00:09,0,0
2025-01-17 18:00:11,0,0
2025-01-17 18:00:13,0,0
2025-01-17 18:00:14,0,0
2025-01-17 18:00:16,0,-1
2025-01-17 18:00:17,0,0
2025-01-17 18:00:19,0,0
2025-01-17 18:00:20,0,0
2025-01-17 18:00:22,0,-1
2025-01-17 18:00:23,0,-1
2025-01-17 18:00:25,0,-1
2025-01-17 18:00:26,0,0
2025-01-17 18:00:28,0,-1
2025-01-17 18:00:30,0,-1
2025-01-17 18:00:31,0,-1
2025-01-17 18:00:33,0,-1
2025-01-17 18:00:34,0,0
2025-01-17 18:00:36,0,-1
2025-01-17 18:00:37,0,-1
2025-01-17 18:00:39,0,0
2025-01-17 18:00:40,0,0
2025-01-17 18:01:28,0,0
2025-01-17 18:01:30,0,0
2025-01-17 18:01:31,0,-1
2025-01-17 18:01:33,0,-1
2025-01-17 18:01:35,0,-1
2025-01-17 18:01:36,0,-1
2025-01-17 18:01:38,0,-1
2025-01-17 18:01:39,0,-1
2025-01-17 18:01:41,0,0
2025-01-17 18:01:42,0,0
2025-01-17 18:01:44,0,-1
2025-01-17 18:01:45,0,-1
2025-01-17 18:01:47,0,-1
2025-01-17 18:01:48,0,-1
2025-01-17 18:01:50,0,-1
2025-01-17 18:01:51,0,-1
2025-01-17 18:01:53,0,-1
2025-01-17 18:01:54,0,-1
2025-01-17 18:01:56,0,-1
2025-01-17 18:01:58,-2,-2
2025-01-17 18:01:59,0,0
2025-01-17 18:02:01,0,0
2025-01-17 18:03:02,0,-1
2025-01-17 18:03:03,0,0
2025-01-17 18:03:05,0,0
2025-01-17 18:03:06,0,0
2025-01-17 18:03:08,0,0
2025-01-17 18:03:09,0,0
2025-01-17 18:03:11,0,0
2025-01-17 18:08:07,0,-1
2025-01-17 18:08:08,0,0
2025-01-17 18:08:10,0,0
2025-01-17 18:08:12,0,0
2025-01-17 18:08:13,0,0
2025-01-17 18:08:15,0,0
2025-01-17 18:08:16,0,0
2025-01-17 18:08:18,0,0
2025-01-17 18:08:19,0,0
2025-01-17 18:08:21,0,0
2025-01-17 18:08:22,0,0
2025-01-17 18:08:24,0,0
2025-01-17 18:08:25,0,0
2025-01-17 18:08:27,0,0
2025-01-17 18:08:28,0,0
2025-01-17 18:08:30,0,0
2025-01-17 18:08:31,0,0
2025-01-17 18:08:33,0,0
2025-01-17 18:08:35,0,0
2025-01-17 18:08:36,0,0
2025-01-17 18:08:38,0,0
2025-01-17 18:08:39,0,0
2025-01-17 18:09:24,0,0
2025-01-17 18:09:25,0,0
2025-01-17 18:09:27,0,0
2025-01-17 18:09:28,0,0
2025-01-17 18:09:30,0,0
2025-01-17 18:09:31,0,0
2025-01-17 18:09:33,0,0
2025-01-17 18:09:34,0,0
2025-01-17 18:09:36,0,0
2025-01-17 18:09:38,0,0
2025-01-17 18:09:39,0,0
2025-01-17 18:09:41,0,0
2025-01-17 18:09:42,0,0
2025-01-17 18:09:44,0,0
2025-01-17 18:09:45,0,0
2025-01-17 18:10:27,0,0
2025-01-17 18:10:28,0,0
2025-01-17 18:10:30,0,0
2025-01-17 18:10:31,-2,-2
2025-01-17 18:10:33,0,0
2025-01-17 18:10:34,0,0
2025-01-17 18:10:36,-2,-2
2025-01-17 18:10:37,-2,-2
2025-01-17 18:10:39,0,0
2025-01-17 18:10:41,-2,-2
2025-01-17 18:10:42,-2,-2
2025-01-17 18:10:44,-2,-2
2025-01-17 18:10:45,-2,-2
2025-01-17 18:10:47,0,0
2025-01-17 18:10:48,0,0
2025-01-17 18:10:50,0,0
2025-01-17 18:10:51,0,0
2025-01-17 18:10:53,0,0
2025-01-17 18:10:54,0,0
2025-01-17 18:10:56,0,0
2025-01-17 18:10:58,0,0
2025-01-17 18:10:59,0,0
2025-01-17 18:11:01,0,0
2025-01-17 18:11:02,-2,-2
2025-01-17 18:11:04,0,-1
2025-01-17 18:11:05,-2,-2
2025-01-17 18:11:07,-2,-2
2025-01-17 18:11:08,-2,-2
2025-01-17 18:11:10,-2,-2
2025-01-17 18:11:11,-2,-2
2025-01-17 18:11:13,-2,-2
2025-01-17 18:11:14,-2,-2
2025-01-17 18:11:16,0,0
2025-01-17 18:12:03,-2,-2
2025-01-17 18:12:04,0,0
2025-01-17 18:12:06,0,0
2025-01-17 18:12:07,0,0
2025-01-17 18:12:09,0,0
2025-01-17 18:12:10,0,0
2025-01-17 18:12:12,0,0
2025-01-17 18:12:13,0,0
2025-01-17 18:12:15,0,0
2025-01-17 18:12:16,0,0
2025-01-17 18:12:18,0,0
2025-01-17 18:12:19,0,0
2025-01-17 18:12:21,0,0
2025-01-17 18:12:22,0,0
2025-01-17 18:12:24,0,0
2025-01-17 18:12:26,0,0
2025-01-17 18:12:27,0,0
2025-01-17 18:12:29,0,0
2025-01-17 18:12:30,0,0
2025-01-17 18:13:24,0,0
2025-01-17 18:13:26,0,0
2025-01-17 18:13:27,0,0
2025-01-17 18:13:29,0,0
2025-01-17 18:13:30,0,0
2025-01-17 18:13:32,0,0
2025-01-17 18:13:33,0,0
2025-01-17 18:13:35,0,0
2025-01-17 18:14:16,0,0
2025-01-17 18:14:18,0,0
2025-01-17 18:14:19,0,0
2025-01-17 18:14:21,0,0
2025-01-17 18:14:22,0,0
2025-01-17 18:14:24,0,0
2025-01-17 18:14:25,0,0
2025-01-17 18:14:27,0,0
2025-01-17 18:14:28,0,0
2025-01-17 18:14:30,-2,-2
2025-01-17 18:14:32,0,0
2025-01-17 18:14:33,0,0
2025-01-17 18:14:35,0,0
2025-01-17 18:14:36,0,0
2025-01-17 18:14:38,0,0
2025-01-17 18:14:39,0,0
2025-01-17 18:14:41,0,0
2025-01-17 18:14:42,0,0
2025-01-17 18:18:27,0,0
2025-01-17 18:18:28,0,0
2025-01-17 18:18:30,0,0
2025-01-17 18:18:32,0,0
2025-01-17 18:18:33,0,0
2025-01-17 18:18:35,0,-1
2025-01-17 18:18:36,0,0
2025-01-17 18:18:38,0,0
2025-01-17 18:18:39,0,0
2025-01-17 18:18:41,0,0
2025-01-17 18:18:42,0,0
2025-01-17 18:18:44,0,0
2025-01-17 18:18:45,0,0
2025-01-17 18:18:47,0,0
2025-01-17 18:18:49,0,0
2025-01-17 18:18:50,0,0
2025-01-17 18:18:52,0,0
2025-01-17 18:18:53,0,0
2025-01-17 18:18:55,0,0
2025-01-17 18:18:56,0,0
2025-01-17 18:23:23,0,0
2025-01-17 18:23:24,0,0
2025-01-17 18:23:26,0,0
2025-01-17 18:23:27,0,0
2025-01-17 18:23:29,0,0
2025-01-17 18:23:31,0,0
2025-01-17 18:23:32,0,0
2025-01-17 18:23:34,0,0
2025-01-17 18:23:35,0,0
2025-01-17 18:23:37,0,0
2025-01-17 18:23:38,0,0
2025-01-17 18:23:40,0,0
2025-01-17 18:23:41,0,0
2025-01-17 18:23:43,0,0
2025-01-17 18:23:44,0,0
2025-01-17 18:23:46,0,0
2025-01-17 19:16:40,1,0
2025-01-17 19:16:41,0,-1
2025-01-17 19:16:43,0,0
2025-01-17 19:16:45,-2,-2
2025-01-17 19:16:46,0,0
2025-01-17 19:16:48,0,0
2025-01-17 19:16:49,0,0
2025-01-17 19:16:51,0,0
2025-01-17 19:16:52,0,0
2025-01-17 19:16:54,0,0
2025-01-17 19:16:55,-2,-2
2025-01-17 19:16:57,0,0
2025-01-17 19:16:58,0,0
2025-01-17 19:17:00,0,0
2025-01-17 19:18:04,1,0
2025-01-17 19:18:06,0,0
2025-01-17 19:18:07,0,0
2025-01-17 19:18:09,0,0
2025-01-17 19:18:10,0,0
2025-01-17 19:18:12,0,0
2025-01-17 19:18:13,0,0
2025-01-17 19:18:15,0,0
2025-01-17 19:18:16,1,0
2025-01-17 19:18:18,0,0
2025-01-17 19:18:19,-2,-2
2025-01-17 19:18:21,-2,-2
2025-01-17 19:18:22,-2,-2
2025-01-17 19:18:24,-2,-2
2025-01-17 19:18:25,-2,-2
2025-01-17 19:18:27,-2,-2
2025-01-17 19:18:28,1,0
2025-01-17 19:18:30,1,0
2025-01-17 19:18:31,0,0
2025-01-17 19:18:33,0,0
2025-01-17 19:18:34,0,0
2025-01-17 19:18:36,-1,0
2025-01-17 19:18:37,-1,-1
2025-01-17 19:18:39,-1,-1
2025-01-17 19:18:40,1,0
2025-01-17 19:18:42,1,0
2025-01-17 19:18:44,1,0
2025-01-17 19:18:45,1,0
2025-01-17 19:18:47,0,0
2025-01-17 19:18:48,0,0
2025-01-17 19:18:50,0,0
2025-01-17 19:18:51,1,0
2025-01-17 19:18:53,0,0
2025-01-17 19:18:54,1,0
2025-01-17 19:18:56,0,0
2025-01-17 19:18:57,1,0
2025-01-17 19:18:59,0,0
2025-01-17 19:19:00,0,0
2025-01-18 03:42:26,0,0
2025-01-18 03:42:27,-2,-2
2025-01-18 03:42:29,0,0
2025-01-18 03:42:30,-2,-2
2025-01-18 03:42:32,1,0
2025-01-18 03:42:34,0,0
2025-01-18 03:42:35,1,0
2025-01-18 03:42:37,0,0
2025-01-18 03:42:38,0,0
2025-01-18 03:42:40,0,0
2025-01-18 03:42:41,0,0
2025-01-18 03:42:43,-2,-2
2025-01-18 03:42:44,0,0
2025-01-18 03:42:46,0,0
2025-01-18 03:42:47,0,0
2025-01-18 03:42:49,0,0
2025-01-18 03:42:50,-1,0
2025-01-18 03:42:52,0,0
2025-01-18 03:42:53,0,0
2025-01-18 03:42:55,0,0
2025-01-18 03:42:56,0,0
2025-01-18 03:42:58,0,0
2025-01-18 03:42:59,0,0
2025-01-18 03:43:01,0,0
2025-01-18 03:43:02,0,0
2025-01-18 03:43:04,0,0
2025-01-18 03:43:05,0,0
2025-01-18 03:43:07,0,0
2025-01-18 03:43:08,0,0
2025-01-18 03:43:10,0,0
2025-01-18 03:43:11,0,0
2025-01-18 03:43:13,0,0
2025-01-18 03:43:15,0,0
2025-01-18 03:43:16,0,0
2025-01-18 03:46:53,0,0
2025-01-18 03:46:55,0,0
2025-01-18 03:46:56,0,0
2025-01-18 03:46:58,0,0
2025-01-18 03:46:59,0,0
2025-01-18 03:47:01,0,0
2025-01-18 03:47:02,0,0
2025-01-18 03:47:04,0,0
2025-01-18 03:47:05,0,0
2025-01-18 03:47:07,0,0
2025-01-18 03:47:09,0,0
2025-01-18 03:47:10,0,0
2025-01-18 03:47:12,0,0
2025-01-18 03:47:13,0,0
2025-01-18 03:50:45,0,0
2025-01-18 03:50:46,0,0
2025-01-18 03:50:48,0,0
2025-01-18 03:50:49,0,0
2025-01-18 03:50:51,-2,-2
2025-01-18 03:50:52,1,0
2025-01-18 03:50:54,1,0
2025-01-18 03:50:55,0,0
2025-01-18 03:50:57,0,0
2025-01-18 03:50:58,0,0
2025-01-18 03:51:00,0,0
2025-01-18 03:51:01,0,0
2025-01-18 03:51:03,0,0
2025-01-18 03:51:04,0,0
2025-01-18 03:51:06,0,0
2025-01-18 03:51:07,0,0
2025-01-18 03:51:09,0,0
2025-01-18 04:02:46,0,0
2025-01-18 04:02:47,0,0
2025-01-18 04:02:49,0,0
2025-01-18 04:02:50,0,0
2025-01-18 04:02:52,0,0
2025-01-18 04:02:53,0,0
2025-01-18 04:02:55,0,0
2025-01-18 04:02:56,0,0
2025-01-18 04:02:58,0,0
2025-01-18 04:02:59,0,0
2025-01-18 04:03:01,0,0
2025-01-18 04:03:02,0,0
2025-01-18 04:03:04,0,0
2025-01-18 04:03:05,0,0
2025-01-18 04:03:07,0,0
2025-01-18 04:03:08,-2,-2
2025-01-18 04:03:10,0,0
2025-01-18 04:03:12,0,0
2025-01-18 04:18:24,0,0
2025-01-18 04:18:26,-2,-2
2025-01-18 04:18:27,0,0
2025-01-18 04:18:29,0,0
2025-01-18 04:18:30,0,0
2025-01-18 04:18:32,0,0
2025-01-18 04:18:33,0,0
2025-01-18 04:18:35,-2,-2
2025-01-18 04:19:18,0,-1
2025-01-18 04:19:19,0,0
2025-01-18 04:19:21,0,0
2025-01-18 04:19:22,0,0
2025-01-18 04:20:12,0,0
2025-01-18 04:20:13,0,0
2025-01-18 04:20:15,-1,-1
2025-01-18 04:20:16,0,0
2025-01-18 04:20:18,0,0
2025-01-18 04:25:35,-1,-1
2025-01-18 04:25:37,0,-1
2025-01-18 04:25:38,0,0
2025-01-18 04:25:40,0,0
2025-01-18 04:25:41,0,0
2025-01-18 04:25:43,0,0
2025-01-18 04:25:44,0,0
2025-01-18 04:25:46,0,0
2025-01-18 04:25:47,0,0
2025-01-18 04:25:49,0,0
2025-01-18 04:25:51,0,0
2025-01-18 04:25:52,0,0
2025-01-18 04:25:54,0,-1
2025-01-18 04:25:55,0,0
2025-01-18 04:26:32,0,-1
2025-01-18 04:26:34,0,0
2025-01-18 04:26:36,0,0
2025-01-18 04:26:37,-2,-2
2025-01-18 04:26:39,0,0
2025-01-18 04:26:40,0,0
2025-01-18 04:26:42,0,0
2025-01-18 04:26:43,0,0
2025-01-18 04:26:45,0,0
2025-01-18 04:26:46,0,0
2025-01-18 04:26:48,0,0
2025-01-18 04:26:49,0,0
2025-01-18 04:26:51,0,0
2025-01-18 04:26:52,0,0
2025-01-18 04:26:54,0,0
2025-01-18 04:26:55,0,0
2025-01-18 04:27:37,0,0
2025-01-18 04:27:38,0,0
2025-01-18 04:27:40,0,0
2025-01-18 04:27:41,0,0
2025-01-18 04:27:43,0,0
2025-01-18 04:27:44,0,0
2025-01-18 04:27:46,0,0
2025-01-18 04:27:47,0,0
2025-01-18 04:27:49,0,0
2025-01-18 04:27:51,0,0
2025-01-18 04:27:52,0,0
2025-01-18 04:27:54,0,0
2025-01-18 04:27:55,0,0
2025-01-18 04:27:57,0,0
2025-01-18 04:27:58,0,0
2025-01-18 04:28:00,0,0
2025-01-18 04:28:01,0,0
2025-01-18 04:33:21,0,0
2025-01-18 04:33:22,0,0
2025-01-18 04:33:24,0,0
2025-01-18 04:34:30,0,0
2025-01-18 04:34:31,0,0
2025-01-18 04:34:33,0,0
2025-01-18 04:34:34,0,0
2025-01-18 04:34:36,0,0
2025-01-18 04:34:38,0,0
2025-01-18 04:34:39,0,0
2025-01-18 04:34:41,0,0
2025-01-18 04:34:42,0,0
2025-01-18 04:34:44,0,0
2025-01-18 04:34:45,0,0
2025-01-18 04:34:47,0,0
2025-01-18 04:34:48,0,0
2025-01-18 04:34:50,0,0
2025-01-18 04:35:37,0,0
2025-01-18 04:35:39,0,0
2025-01-18 04:35:40,0,0
2025-01-18 04:35:42,0,0
2025-01-18 04:35:43,0,0
2025-01-18 04:35:45,0,0
2025-01-18 04:35:46,0,0
2025-01-18 04:35:48,0,0
2025-01-18 04:35:49,0,0
2025-01-18 04:35:51,0,0
2025-01-18 04:35:53,0,0
2025-01-18 04:35:54,0,0
2025-01-18 04:35:56,0,0
2025-01-18 04:35:57,0,0
2025-01-18 04:35:59,0,0
2025-01-18 04:36:00,0,0
2025-01-18 04:36:02,0,0
2025-01-18 04:36:49,0,0
2025-01-18 04:36:50,0,0
2025-01-18 04:36:52,0,0
2025-01-18 04:36:53,0,0
2025-01-18 04:36:55,0,0
2025-01-18 04:36:56,0,0
2025-01-18 04:36:58,0,0
2025-01-18 04:37:00,0,0
2025-01-18 04:37:01,-2,-2
2025-01-18 04:37:03,0,0
2025-01-18 04:37:04,0,0
2025-01-18 04:37:06,0,0
2025-01-18 04:37:07,0,0
2025-01-18 04:37:09,0,0
2025-01-18 04:37:10,0,0
2025-01-18 04:44:07,0,0
2025-01-18 04:44:09,0,0
2025-01-18 04:44:10,0,0
2025-01-18 04:44:12,0,0
2025-01-18 04:44:13,0,0
2025-01-18 04:44:15,0,0
2025-01-18 04:44:16,-1,0
2025-01-18 04:44:18,0,0
2025-01-18 04:45:01,0,0
2025-01-18 04:45:03,0,0
2025-01-18 04:45:04,0,0
2025-01-18 04:45:06,0,0
2025-01-18 04:45:07,0,0
2025-01-18 04:46:28,0,0
2025-01-18 04:46:30,0,0
2025-01-18 04:46:32,0,0
2025-01-18 04:46:33,-2,-2
2025-01-18 04:46:35,-2,-2
2025-01-18 04:46:36,-2,-2
2025-01-18 04:46:38,-2,-2
2025-01-18 04:46:39,-2,-2
2025-01-18 04:46:41,0,0
2025-01-18 04:46:42,0,0
2025-01-18 04:46:44,0,0
2025-01-18 04:46:45,0,0
2025-01-18 04:46:47,0,0
2025-01-18 04:46:48,0,0
2025-01-18 04:46:50,0,0
2025-01-18 04:46:51,0,0
2025-01-18 04:47:49,0,0
2025-01-18 04:47:51,0,0
2025-01-18 04:47:52,0,0
2025-01-18 04:47:54,0,0
2025-01-18 04:47:55,0,0
2025-01-18 04:47:57,0,0
2025-01-18 04:47:58,0,0
2025-01-18 04:48:00,0,0
2025-01-18 04:48:01,0,0
2025-01-18 04:48:03,0,0
2025-01-18 04:48:04,0,0
2025-01-18 04:48:06,0,0
2025-01-18 04:48:07,0,0
2025-01-18 04:48:09,0,0
2025-01-18 05:39:07,0,0
2025-01-18 05:49:17,0,0
2025-01-18 05:49:18,0,0
2025-01-18 05:49:20,0,0
2025-01-18 05:49:21,0,0
2025-01-18 05:49:23,0,0
2025-01-18 05:49:24,0,0
2025-01-18 05:49:26,-1,0
2025-01-18 05:49:27,-1,0
2025-01-18 05:49:29,0,0
2025-01-18 05:49:30,-1,0
2025-01-18 05:49:32,-1,0
2025-01-18 05:49:33,-1,0
2025-01-18 05:49:35,-1,0
2025-01-18 05:49:36,-1,0
2025-01-18 05:49:38,-1,0
2025-01-18 05:49:39,0,0
2025-01-18 05:49:41,-1,0
2025-01-18 05:49:42,-1,0
2025-01-18 05:49:44,-1,0
2025-01-18 05:49:45,0,0
2025-01-18 05:49:47,0,0
2025-01-18 05:49:48,-1,0
2025-01-18 05:49:50,0,0
2025-01-18 05:51:47,0,0
2025-01-18 05:51:49,0,0
2025-01-18 05:51:50,0,0
2025-01-18 05:51:52,-1,0
2025-01-18 05:51:54,-1,0
2025-01-18 05:51:55,-1,0
2025-01-18 05:51:57,-1,0
2025-01-18 05:51:58,-1,0
2025-01-18 05:52:00,-1,0
2025-01-18 05:52:01,-1,0
2025-01-18 05:52:03,-1,0
2025-01-18 05:52:04,-1,0
2025-01-18 05:52:06,-1,0
2025-01-18 05:52:07,-1,0
2025-01-18 05:52:09,-1,0
2025-01-18 05:52:10,-1,0
2025-01-18 05:52:12,-1,0
2025-01-18 05:52:13,0,0
2025-01-18 05:52:15,-1,0
2025-01-18 05:52:16,-1,0
2025-01-18 05:52:18,-1,0
2025-01-18 05:52:19,-1,0
2025-01-18 05:52:21,0,0
2025-01-18 05:52:23,-1,0
2025-01-18 05:52:24,1,0
2025-01-18 05:52:26,0,0
2025-01-18 05:52:27,0,0
2025-01-18 06:02:43,0,0
2025-01-18 06:02:44,0,0
2025-01-18 06:02:46,0,0
2025-01-18 06:02:47,0,0
2025-01-18 06:02:49,1,0
2025-01-18 06:02:50,0,0
2025-01-18 06:02:52,1,0
2025-01-18 06:02:53,0,0
2025-01-18 06:02:55,1,0
2025-01-18 06:02:56,0,0
2025-01-18 06:02:58,1,0
2025-01-18 06:02:59,-1,0
2025-01-18 06:03:01,0,0
2025-01-18 06:03:03,0,0
2025-01-18 06:03:04,-1,0
2025-01-18 06:03:06,-1,0
2025-01-18 06:03:07,-1,0
2025-01-18 06:03:09,-1,0
2025-01-18 06:03:10,-1,0
2025-01-18 06:03:12,-1,0
2025-01-18 06:03:13,-1,0
2025-01-18 06:03:15,-1,0
2025-01-18 06:03:16,-1,0
2025-01-18 06:03:18,-1,0
2025-01-18 06:03:19,-1,0
2025-01-18 06:03:21,-1,0
2025-01-18 06:04:13,0,0
2025-01-18 06:04:14,0,0
2025-01-18 06:04:16,-1,0
2025-01-18 06:04:17,0,0
2025-01-18 06:04:19,1,0
2025-01-18 06:04:20,0,0
2025-01-18 06:04:22,0,0
2025-01-18 06:04:23,0,0
2025-01-18 06:04:25,-1,0
2025-01-18 06:04:26,0,0
2025-01-18 06:04:28,-1,0
2025-01-18 06:04:29,-1,0
2025-01-18 06:04:31,-1,0
2025-01-18 06:04:33,0,0
2025-01-18 06:04:34,1,0
2025-01-18 06:04:36,1,0
2025-01-18 06:04:37,1,1
2025-01-18 06:04:39,-1,0
2025-01-18 06:04:40,0,-1
2025-01-18 06:04:42,-1,0
2025-01-18 06:04:43,-1,0
2025-01-18 06:04:45,0,0
2025-01-18 06:04:46,0,0
2025-01-18 06:04:48,0,0
2025-01-18 06:04:49,0,0
2025-01-18 06:04:51,1,0
2025-01-18 06:04:52,1,0
2025-01-18 06:04:54,0,0
2025-01-18 06:04:55,0,0
2025-01-18 06:04:57,1,0
2025-01-18 06:04:58,1,0
2025-01-18 06:05:00,-1,-1
2025-01-18 06:05:01,-2,-2
2025-01-18 06:05:03,0,0
2025-01-18 06:05:04,0,0
2025-01-18 06:25:15,0,0
2025-01-18 06:25:16,-1,0
2025-01-18 06:25:18,-1,0
2025-01-18 06:25:19,0,0
2025-01-18 06:25:21,-2,-2
2025-01-18 06:25:22,0,0
2025-01-18 06:25:24,-2,-2
2025-01-18 06:25:25,-1,0
2025-01-18 06:25:27,-1,0
2025-01-18 06:25:28,0,0
2025-01-18 06:25:30,-2,-2
2025-01-18 06:25:31,0,0
2025-01-18 06:25:33,0,0
2025-01-18 06:25:34,-1,0
2025-01-18 06:25:36,-1,0
2025-01-18 06:25:38,-1,0
2025-01-18 06:25:39,-1,0
2025-01-18 06:25:41,-1,0
2025-01-18 06:25:42,0,0
2025-01-18 06:25:44,0,0
2025-01-18 06:25:45,0,0
2025-01-18 06:25:47,0,0
2025-01-18 06:25:48,0,0
2025-01-18 06:25:50,0,0
2025-01-18 06:25:51,0,0
2025-01-18 06:25:53,0,0
2025-01-18 06:25:54,0,0
2025-01-18 06:25:56,-2,-2
2025-01-18 06:25:57,0,0
2025-01-18 06:25:59,1,0
2025-01-18 06:26:00,1,0
2025-01-18 06:26:02,0,0
2025-01-18 06:26:04,-1,0
2025-01-18 06:26:05,1,0
2025-01-18 06:26:07,-2,-2
2025-01-18 06:26:08,0,0
2025-01-18 06:26:10,-1,0
2025-01-18 06:26:11,-1,0
2025-01-18 06:26:13,0,0
2025-01-19 21:01:26,0,0
2025-01-19 21:01:28,0,0
2025-01-19 21:01:29,0,0
2025-01-19 21:01:31,0,0
2025-01-19 21:01:32,0,0
2025-01-19 21:01:34,0,0
2025-01-19 21:01:35,0,0
2025-01-19 21:01:37,0,0
2025-01-19 21:01:38,0,0
2025-01-19 21:01:40,0,0
2025-01-19 21:01:41,0,0
2025-01-19 21:01:43,-2,-2
2025-01-19 21:01:44,-1,0
2025-01-19 21:01:46,-1,0
2025-01-19 21:01:47,0,0
2025-01-19 21:01:49,-1,0
2025-01-19 21:01:51,-1,0
2025-01-19 21:01:52,-1,0
2025-01-19 21:01:54,-1,0
2025-01-19 21:01:55,-1,0
2025-01-19 21:01:57,-1,0
2025-01-19 21:01:58,-1,0
2025-01-19 21:02:01,-1,0
2025-01-19 21:02:02,-1,0
2025-01-19 21:02:04,-1,0
2025-01-19 21:02:06,0,0
2025-01-19 21:02:07,-1,0
2025-01-19 21:02:09,0,0
2025-01-19 21:02:10,0,0
2025-01-19 21:02:12,0,0
2025-01-19 21:02:13,-1,-1
2025-01-19 21:02:15,0,0
2025-01-19 21:02:16,0,0
2025-01-19 21:02:18,0,0
2025-01-19 21:02:19,0,0
2025-01-19 21:02:21,-2,-2
2025-01-19 21:02:22,-2,-2
2025-01-19 21:02:24,-2,-2
2025-01-19 21:02:25,0,-1
2025-01-19 21:02:27,0,-1
2025-01-19 21:02:28,0,-1
2025-01-19 21:02:30,0,-1
2025-01-19 21:02:31,-2,-2
2025-01-19 21:02:33,0,-1
2025-01-19 21:02:34,0,0
2025-01-19 21:02:36,0,0
2025-01-19 21:02:37,0,0
2025-01-19 21:02:39,0,-1
2025-01-19 21:02:41,0,-1
2025-01-19 21:02:42,0,-1
2025-01-19 21:04:50,0,0
2025-01-19 21:04:51,0,0
2025-01-19 21:04:53,0,0
2025-01-19 21:04:54,0,0
2025-01-19 21:04:56,0,0
2025-01-19 21:04:57,-1,0
2025-01-19 21:04:59,1,0
2025-01-19 21:05:00,-1,0
2025-01-19 21:05:02,1,0
2025-01-19 21:05:03,1,0
2025-01-19 21:05:05,1,0
2025-01-19 21:05:06,1,0
2025-01-19 21:05:08,0,0
2025-01-19 21:05:09,1,0
2025-01-19 21:05:11,1,0
2025-01-19 21:05:12,-1,0
2025-01-19 21:05:14,0,0
2025-01-19 21:05:16,-1,0
2025-01-19 21:05:17,-1,0
2025-01-19 21:05:19,-1,0
2025-01-19 21:05:20,0,-1
2025-01-19 21:06:16,0,0
2025-01-19 21:06:18,-1,0
2025-01-19 21:06:19,0,0
2025-01-19 21:06:21,0,0
2025-01-19 21:06:22,0,0
2025-01-19 21:06:24,-2,-2
2025-01-19 21:06:25,0,0
2025-01-19 21:06:27,0,0
2025-01-19 21:06:28,-1,0
2025-01-19 21:06:30,-1,0
2025-01-19 21:06:32,1,0
2025-01-19 21:06:33,1,0
2025-01-19 21:06:35,-1,0
2025-01-19 21:06:36,1,0
2025-01-19 21:06:38,0,0
2025-01-19 21:06:39,0,0
2025-01-19 21:06:41,0,0
2025-01-19 21:06:42,0,0
2025-01-19 21:06:44,1,0
2025-01-19 21:06:45,1,0
2025-01-19 21:06:47,1,0
2025-01-19 21:07:58,0,0
2025-01-19 21:08:00,0,0
2025-01-19 21:08:01,0,0
2025-01-19 21:08:03,0,0
2025-01-19 21:08:04,0,0
2025-01-19 21:08:06,0,0
2025-01-19 21:08:08,0,0
2025-01-19 21:08:09,0,0
2025-01-19 21:08:11,0,0
2025-01-19 21:08:12,0,0
2025-01-19 21:08:14,0,0
2025-01-19 21:08:15,0,0
2025-01-19 21:08:17,-2,-2
2025-01-19 21:08:18,1,0
2025-01-19 21:08:20,1,0
2025-01-19 21:08:21,1,0
2025-01-19 21:08:23,-1,0
2025-01-19 21:08:24,1,0
2025-01-19 21:08:26,-2,-2
2025-01-19 21:08:27,1,0
2025-01-19 21:08:29,-2,-2
2025-01-19 21:10:25,0,0
2025-01-19 21:10:27,0,0
2025-01-19 21:10:28,0,0
2025-01-19 21:10:30,0,0
2025-01-19 21:10:31,0,0
2025-01-19 21:10:33,0,0
2025-01-19 21:10:34,0,0
2025-01-19 21:10:36,0,0
2025-01-19 21:10:37,0,0
2025-01-19 21:10:39,0,0
2025-01-19 21:10:40,0,0
2025-01-19 21:10:42,-2,-2
2025-01-19 21:10:43,1,0
2025-01-19 21:10:45,1,0
2025-01-19 21:10:46,1,0
2025-01-19 21:10:48,0,0
2025-01-19 21:10:49,1,0
2025-01-19 21:10:51,1,0
2025-01-19 21:10:53,-1,0
2025-01-19 21:10:54,-1,0
2025-01-19 21:10:56,-1,0
2025-01-19 21:10:57,1,0
2025-01-19 21:10:59,-1,0
2025-01-19 21:11:00,-1,0
2025-01-19 21:11:02,1,0
2025-01-19 21:11:03,-1,0
2025-01-19 21:11:05,-1,0
2025-01-19 21:11:06,-1,0
2025-01-19 21:11:08,-1,0
2025-01-19 21:11:09,1,0
2025-01-19 21:11:11,0,0
2025-01-19 21:11:12,-1,0
2025-01-19 21:11:14,0,0
2025-01-19 21:11:15,0,0
2025-01-19 21:11:54,0,0
2025-01-19 21:11:56,0,0
2025-01-19 21:11:57,0,0
2025-01-19 21:11:59,0,0
2025-01-19 21:12:00,0,0
2025-01-19 21:12:02,0,0
2025-01-19 21:12:03,0,0
2025-01-19 21:12:05,0,0
2025-01-19 21:12:06,-2,-2
2025-01-19 21:12:08,0,0
2025-01-19 21:12:09,-1,0
2025-01-19 21:12:11,-1,0
2025-01-19 21:12:13,0,0
2025-01-19 21:12:14,1,0
2025-01-19 21:12:16,1,0
2025-01-19 21:12:17,1,0
2025-01-19 21:12:20,0,0
2025-01-19 21:12:21,0,0
2025-01-19 21:12:23,0,0
2025-01-19 21:13:14,0,0
2025-01-19 21:13:15,0,0
2025-01-19 21:13:17,0,0
2025-01-19 21:13:18,0,0
2025-01-19 21:13:20,0,0
2025-01-19 21:13:21,0,0
2025-01-19 21:13:23,0,0
2025-01-19 21:13:24,0,0
2025-01-19 21:13:26,0,0
2025-01-19 21:13:27,0,0
2025-01-19 21:13:29,0,0
2025-01-19 21:13:31,0,0
2025-01-19 21:13:32,0,0
2025-01-19 21:13:34,0,0
2025-01-19 21:13:35,0,0
2025-01-19 21:13:37,0,0
2025-01-19 21:13:38,0,0
2025-01-19 21:13:40,0,0
2025-01-19 21:13:41,0,0
2025-01-19 21:13:43,0,0
2025-01-19 21:13:44,0,0
2025-01-19 21:13:46,0,0
2025-01-19 21:13:47,0,0
2025-01-19 21:13:49,0,-1
2025-01-19 21:13:50,0,0
2025-01-19 21:13:52,0,0
2025-01-19 21:13:53,0,0
2025-01-19 21:13:55,0,0
2025-01-19 21:13:56,0,0
2025-01-19 21:13:58,0,0
2025-01-19 21:13:59,0,0
2025-01-19 21:14:01,0,0
2025-01-19 21:14:02,0,0
2025-01-19 21:14:04,0,-1
2025-01-19 21:14:05,0,0
2025-01-19 21:14:07,0,0
2025-01-19 21:14:08,0,0
2025-01-19 21:15:04,0,0
2025-01-19 21:15:06,0,0
2025-01-19 21:15:07,-2,-2
2025-01-19 21:15:09,0,0
2025-01-19 21:15:10,0,0
2025-01-19 21:15:12,0,0
2025-01-19 21:15:13,0,0
2025-01-19 21:15:15,0,0
2025-01-19 21:15:16,0,0
2025-01-19 21:15:18,0,0
2025-01-19 21:15:19,0,0
2025-01-19 21:15:21,0,0
2025-01-19 21:15:22,0,0
2025-01-19 21:15:24,0,0
2025-01-19 21:15:25,0,0
2025-01-19 21:15:27,-1,0
2025-01-19 21:15:28,0,0
2025-01-19 21:15:30,0,0
2025-01-19 21:15:31,0,0
2025-01-19 21:15:33,0,0
2025-01-19 21:15:35,-1,0
2025-01-19 21:16:24,0,0
2025-01-19 21:16:26,0,0
2025-01-19 21:16:27,0,-1
2025-01-19 21:16:29,0,0
2025-01-19 21:17:15,0,-1
2025-01-19 21:17:16,0,-1
2025-01-19 21:17:18,0,0
2025-01-19 21:17:19,0,0
2025-01-19 21:17:21,0,0
2025-01-19 21:17:22,0,-1
2025-01-19 21:17:24,0,0
2025-01-19 21:17:25,0,0
2025-01-19 21:17:27,0,0
2025-01-19 21:17:28,0,-1
2025-01-19 21:17:30,0,0
2025-01-19 21:17:31,0,-1
2025-01-19 21:17:33,0,-1
2025-01-19 21:17:34,0,0
2025-01-19 21:17:36,0,0
2025-01-19 21:17:37,-1,0
2025-01-19 21:17:39,-1,0
2025-01-19 21:17:41,-1,0
2025-01-19 21:17:42,0,0
2025-01-19 21:17:44,0,0
2025-01-19 21:17:45,0,0
2025-01-19 21:22:08,0,0
2025-01-19 21:22:10,1,0
2025-01-19 21:22:12,0,0
2025-01-19 21:22:13,0,0
2025-01-19 21:22:15,0,-1
2025-01-19 21:22:16,0,0
2025-01-19 21:22:18,0,0
2025-01-19 21:22:19,-2,-2
2025-01-19 21:24:01,0,0
2025-01-19 21:24:02,0,0
2025-01-19 21:24:04,0,0
2025-01-19 21:24:05,0,0
2025-01-19 21:24:07,-1,0
2025-01-19 21:25:39,-2,-2
2025-01-19 21:25:40,0,0
2025-01-19 21:25:42,0,0
2025-01-19 21:25:44,0,0
2025-01-19 21:25:45,0,0
2025-01-19 21:25:47,0,0
2025-01-19 21:26:47,0,-1
2025-01-19 21:26:48,0,-1
2025-01-19 21:26:50,0,0
2025-01-19 21:26:51,0,0
2025-01-19 21:29:03,0,0
2025-01-19 21:29:05,0,0
2025-01-19 21:29:06,0,0
2025-01-19 21:29:08,0,0
2025-01-19 21:29:09,0,0
2025-01-19 21:29:11,0,0
2025-01-19 21:29:12,0,0
2025-01-19 21:29:14,0,0
2025-01-19 21:29:15,-2,-2
2025-01-19 21:29:17,0,0
2025-01-19 21:29:18,0,0
2025-01-19 21:32:27,0,0
2025-01-19 21:32:28,0,-1
2025-01-19 21:32:30,0,0
2025-01-19 21:32:31,-1,0
2025-01-19 21:32:33,0,0
2025-01-19 21:32:34,0,0
2025-01-19 21:32:36,0,0
2025-01-19 21:32:37,0,0
2025-01-19 21:32:39,0,0
2025-01-19 21:32:40,0,0
2025-01-19 21:32:42,0,0
2025-01-19 21:32:43,0,0
2025-01-19 21:32:45,0,0
2025-01-19 21:32:47,0,0
2025-01-19 21:32:48,0,0
2025-01-19 21:32:50,0,0
2025-01-19 21:32:51,1,0
2025-01-19 21:32:53,1,0
2025-01-19 21:36:07,0,-1
2025-01-19 21:36:08,0,0
2025-01-19 21:36:10,0,0
2025-01-19 21:36:11,0,0
2025-01-19 21:36:13,0,0
2025-01-19 21:36:14,0,0
2025-01-19 21:36:16,0,0
2025-01-19 21:36:17,0,0
2025-01-19 21:36:19,0,0
2025-01-19 21:36:20,0,0
2025-01-19 21:36:22,0,-1
2025-01-19 21:36:23,0,0
2025-01-19 21:36:25,0,-1
2025-01-19 21:36:26,0,-1
2025-01-19 21:36:28,0,0
2025-01-19 21:36:29,0,0
2025-01-19 21:36:31,0,0
2025-01-19 21:36:33,0,0
2025-01-19 21:36:34,0,0
2025-01-19 21:36:36,-1,0
2025-01-19 21:36:37,0,0
2025-01-19 21:36:39,0,0
2025-01-19 21:36:40,0,0
2025-01-19 21:36:42,-1,0
2025-01-19 21:36:43,-1,0
2025-01-19 21:36:45,-1,0
2025-01-19 21:36:46,-1,0
2025-01-19 21:36:48,-1,0
2025-01-19 21:36:49,-1,0
2025-01-19 21:36:51,-1,0
2025-01-19 21:36:52,-1,0
2025-01-19 21:36:54,-1,0
2025-01-19 21:36:55,0,-1
2025-01-19 21:36:57,1,-1
2025-01-19 21:36:58,0,0
2025-01-19 21:37:00,-1,0
2025-01-19 21:37:01,-1,0
2025-01-19 21:37:03,0,0
2025-01-19 21:37:04,1,0
2025-01-19 21:37:06,1,0
2025-01-19 21:37:07,1,1
2025-01-19 21:37:09,0,0
2025-01-19 21:37:10,-1,0
2025-01-19 21:37:12,-1,0
2025-01-19 21:37:13,-1,0
2025-01-19 21:37:15,-1,0
2025-01-19 21:37:17,-1,0
2025-01-19 21:37:18,-1,0
2025-01-19 21:37:20,-1,0
2025-01-19 21:37:21,0,0
2025-01-19 21:37:23,0,0
2025-01-19 21:37:24,0,0
2025-01-19 21:38:56,0,0
2025-01-19 21:38:58,0,0
2025-01-19 21:38:59,0,0
2025-01-19 21:39:01,0,0
2025-01-19 21:39:02,0,0
2025-01-19 21:39:04,0,0
2025-01-19 21:39:05,0,0
2025-01-19 21:39:07,0,0
2025-01-19 21:39:08,0,0
2025-01-19 21:39:10,0,0
2025-01-19 21:39:11,0,0
2025-01-19 21:39:13,0,0
2025-01-19 21:39:14,0,0
2025-01-19 21:40:00,-1,0
2025-01-19 21:40:01,0,0
2025-01-19 21:40:03,0,0
2025-01-19 21:40:04,0,0
2025-01-19 21:40:06,0,0
2025-01-19 21:40:07,0,0
2025-01-19 21:40:09,0,0
2025-01-19 21:40:10,0,0
2025-01-19 21:40:12,0,0
2025-01-19 21:40:13,0,0
2025-01-19 21:41:03,0,0
2025-01-19 21:41:05,0,0
2025-01-19 21:41:06,0,0
2025-01-19 21:41:08,0,0
2025-01-19 21:44:23,0,0
2025-01-19 21:44:24,0,0
2025-01-19 21:44:26,0,0
2025-01-19 21:44:27,0,0
2025-01-19 21:44:29,0,0
2025-01-19 21:44:30,0,0
2025-01-19 21:44:32,0,0
2025-01-19 21:44:33,0,0
2025-01-19 21:48:18,0,-1
2025-01-19 21:48:19,0,0
2025-01-19 21:48:21,0,0
2025-01-19 21:48:22,0,0
2025-01-19 21:48:24,0,0
2025-01-19 21:51:06,0,-1
2025-01-19 21:51:07,0,0
2025-01-19 21:51:09,-2,-2
2025-01-19 21:51:10,0,0
2025-01-19 21:51:12,0,0
2025-01-19 21:51:13,0,0
2025-01-19 21:51:15,0,0
2025-01-19 21:52:04,0,0
2025-01-19 21:52:05,1,0
2025-01-19 21:52:07,0,0
2025-01-19 21:52:08,0,0
2025-01-19 21:52:10,0,0
2025-01-19 21:52:11,0,0
2025-01-19 21:52:13,0,0
2025-01-19 21:52:14,0,0
2025-01-19 21:52:16,0,0
2025-01-19 21:52:17,0,-1
2025-01-19 21:52:19,0,0
2025-01-19 21:54:25,0,0
2025-01-19 21:54:27,0,0
2025-01-19 21:54:28,0,0
2025-01-19 21:57:05,0,0
2025-01-19 21:57:07,0,-1
2025-01-19 21:57:08,0,0
2025-01-19 21:57:10,0,0
2025-01-19 21:57:11,0,0
2025-01-19 21:57:13,0,0
2025-01-19 21:57:14,-2,-2
2025-01-19 21:57:16,0,0
2025-01-19 21:57:17,0,0
2025-01-19 21:57:19,0,0
2025-01-19 21:57:20,0,0
2025-01-19 21:57:22,0,0
2025-01-19 21:57:23,0,0
2025-01-19 21:58:09,0,0
2025-01-19 21:58:11,0,0
2025-01-19 21:58:12,0,0
2025-01-19 21:58:14,0,0
2025-01-19 21:58:15,0,0
2025-01-19 21:58:17,0,0
2025-01-19 21:58:18,0,0
2025-01-19 21:58:20,0,0
2025-01-19 21:58:21,0,0
2025-01-19 21:58:23,0,0
2025-01-19 21:58:24,0,0
2025-01-19 21:58:26,0,0
2025-01-19 21:59:07,0,0
2025-01-19 21:59:08,0,0
2025-01-19 21:59:10,0,0
2025-01-19 21:59:11,0,0
2025-01-19 21:59:13,0,0
2025-01-19 21:59:14,0,0
2025-01-19 21:59:16,-2,-2
2025-01-19 21:59:17,0,0
2025-01-19 21:59:19,0,0
2025-01-19 21:59:20,0,0
2025-01-19 21:59:22,0,0
2025-01-19 21:59:24,0,0
2025-01-19 21:59:25,0,0
2025-01-19 21:59:27,0,0
2025-01-19 22:00:49,0,0
2025-01-19 22:00:51,0,0
2025-01-19 22:00:52,0,0
2025-01-19 22:00:54,0,0
2025-01-19 22:00:55,0,0
2025-01-19 22:00:57,0,0
2025-01-19 22:00:58,0,0
2025-01-19 22:01:00,0,0
2025-01-19 22:01:01,0,0
2025-01-19 22:01:03,0,0
2025-01-19 22:01:04,0,0
2025-01-19 22:01:06,0,0
2025-01-19 22:01:08,0,0
2025-01-19 22:01:09,0,0
2025-01-19 22:01:11,0,0
2025-01-19 22:02:15,0,0
2025-01-19 22:02:16,0,0
2025-01-19 22:02:18,0,0
2025-01-19 22:02:20,-1,0
2025-01-19 22:02:21,0,0
2025-01-19 22:02:23,0,0
2025-01-19 22:02:24,0,0
2025-01-19 22:02:26,0,0
2025-01-19 22:02:27,0,0
2025-01-19 22:02:29,0,0
2025-01-19 22:02:30,0,0
2025-01-19 22:02:32,0,0
2025-01-19 22:02:33,0,0
2025-01-19 22:02:35,0,0
2025-01-19 22:02:36,0,0
2025-01-19 22:04:29,0,0
2025-01-19 22:04:30,-1,0
2025-01-19 22:04:32,0,0
2025-01-19 22:04:33,-2,-2
2025-01-19 22:04:35,0,0
2025-01-19 22:04:36,0,0
2025-01-19 22:04:38,0,0
2025-01-19 22:04:39,0,0
2025-01-19 22:04:41,0,0
2025-01-19 22:04:42,0,0
2025-01-19 22:04:44,0,0
2025-01-19 22:04:45,0,0
2025-01-19 22:04:47,0,0
2025-01-19 22:05:53,0,0
2025-01-19 22:05:54,-2,-2
2025-01-19 22:05:56,0,0
2025-01-19 22:05:57,0,0
2025-01-19 22:05:59,0,0
2025-01-19 22:06:00,-2,-2
2025-01-19 22:06:02,0,0
2025-01-19 22:06:03,0,0
2025-01-19 22:06:05,0,0
2025-01-19 22:06:06,-2,-2
2025-01-19 22:06:08,0,0
2025-01-19 22:06:09,0,0
2025-01-19 22:06:11,0,0
2025-01-19 22:06:12,0,0
2025-01-19 22:06:14,-2,-2
2025-01-19 22:06:15,0,0
2025-01-19 22:06:17,-2,-2
2025-01-19 22:06:18,0,0
2025-01-19 22:06:20,0,0
2025-01-19 22:06:21,0,0
2025-01-19 22:06:23,0,0
2025-01-19 22:06:24,0,0
2025-01-19 22:06:26,0,0
2025-01-19 22:06:27,0,0
2025-01-19 22:06:29,0,0
2025-01-19 22:06:30,0,0
2025-01-19 22:06:32,0,0
2025-01-19 22:07:11,0,0
2025-01-19 22:07:12,-2,-2
2025-01-19 22:07:14,0,0
2025-01-19 22:07:15,0,0
2025-01-19 22:07:17,0,0
2025-01-19 22:07:18,0,0
2025-01-19 22:07:20,0,0
2025-01-19 22:07:21,0,0
2025-01-19 22:07:23,0,0
2025-01-19 22:07:24,0,1
2025-01-19 22:07:26,0,0
2025-01-19 22:07:27,0,0
2025-01-19 22:07:29,0,-1
2025-01-19 22:07:30,0,-1
2025-01-19 22:07:32,0,0
2025-01-19 22:07:33,-2,-2
2025-01-19 22:07:35,0,0
2025-01-19 22:07:36,0,0
2025-01-19 22:07:38,0,0
2025-01-19 22:07:39,0,0
2025-01-19 22:07:41,0,0
2025-01-19 22:07:42,0,0
2025-01-19 22:07:44,0,0
2025-01-19 22:07:45,0,0
2025-01-19 22:07:47,0,0
2025-01-19 22:07:48,0,0
2025-01-19 22:07:50,0,0
2025-01-19 22:09:02,0,0
2025-01-19 22:09:04,0,0
2025-01-19 22:09:05,-1,0
2025-01-19 22:09:07,-1,0
2025-01-19 22:09:08,-1,0
2025-01-19 22:09:10,-1,0
2025-01-19 22:09:11,0,-1
2025-01-19 22:09:13,-1,0
2025-01-19 22:09:14,-1,0
2025-01-19 22:09:16,-1,0
2025-01-19 22:09:17,0,0
2025-01-19 22:09:19,0,0
2025-01-19 22:09:20,0,0
2025-01-19 22:09:22,0,0
2025-01-19 22:09:23,0,0
2025-01-19 22:09:25,0,0
2025-01-19 22:09:26,1,0
2025-01-19 22:09:28,0,0
2025-01-19 22:10:09,0,0
2025-01-19 22:10:11,0,0
2025-01-19 22:10:12,0,0
2025-01-19 22:10:14,0,-1
2025-01-19 22:10:15,0,0
2025-01-19 22:10:17,0,0
2025-01-19 22:10:18,0,-1
2025-01-19 22:10:20,0,0
2025-01-19 22:10:22,0,0
2025-01-19 22:10:23,-1,0
2025-01-19 22:10:25,0,0
2025-01-19 22:10:26,0,0
2025-01-19 22:10:28,-1,0
2025-01-19 22:10:29,0,0
2025-01-19 22:10:31,-1,0
2025-01-19 22:10:32,0,0
2025-01-19 22:10:34,0,0
2025-01-19 22:10:35,0,-1
2025-01-19 22:10:37,-1,0
2025-01-19 22:10:38,-1,0
2025-01-19 22:10:40,-1,0
2025-01-19 22:10:41,0,0
2025-01-19 22:10:43,0,0
2025-01-19 22:10:44,0,0
2025-01-19 22:10:46,0,0
2025-01-19 22:10:47,-1,0
2025-01-19 22:10:49,-1,0
2025-01-19 22:10:50,0,-1
2025-01-19 22:10:52,0,0
2025-01-19 22:10:53,0,0
2025-01-19 22:10:55,-1,0
2025-01-19 22:10:56,1,0
2025-01-19 22:10:58,0,0
2025-01-19 22:10:59,0,0
2025-01-19 22:11:01,0,0
2025-01-19 22:11:02,0,0
2025-01-19 22:11:04,1,0
2025-01-19 22:12:06,0,0
2025-01-19 22:12:07,0,0
2025-01-19 22:12:09,0,0
2025-01-19 22:12:10,0,0
2025-01-21 09:20:21,1,1
2025-01-21 09:20:23,0,-1
2025-01-21 09:20:24,0,0
2025-01-21 09:20:26,-1,0
2025-01-21 09:20:27,0,0
2025-01-21 09:20:29,0,0
2025-01-21 09:20:30,0,0
2025-01-21 09:20:32,0,0
2025-01-21 09:20:33,-1,0
2025-01-21 09:20:35,0,0
2025-01-21 09:20:36,-1,0
2025-01-21 09:20:38,0,0
2025-01-30 00:45:53,-2,-2
2025-01-30 00:45:55,0,0
2025-01-30 00:45:56,0,0
2025-01-30 00:45:58,0,0
2025-01-30 00:45:59,0,0
2025-01-30 00:46:01,0,0
2025-01-30 00:46:02,0,0
2025-01-30 00:46:04,0,0
2025-01-30 00:46:05,0,0
2025-01-30 00:46:07,0,0
2025-01-30 00:46:08,0,0
2025-01-30 00:46:10,0,0
2025-01-30 00:46:11,0,0
2025-01-30 00:46:13,0,0
2025-01-30 00:46:14,0,0
2025-01-30 00:46:16,0,0
2025-01-30 00:46:17,0,0
2025-01-30 00:46:19,0,0
2025-01-30 00:46:21,0,0
2025-01-30 00:46:22,0,0
2025-01-30 00:46:24,-1,0
2025-01-30 00:46:25,-1,0
2025-01-30 00:46:27,-1,0
2025-01-30 00:46:28,0,0
2025-01-30 00:46:30,0,0
2025-01-30 00:46:31,0,0
2025-01-30 00:46:33,0,0
2025-01-30 00:46:34,0,0
2025-01-30 00:46:36,0,0
2025-01-30 00:46:37,0,0
2025-01-30 00:46:39,0,0
2025-01-30 00:46:40,0,0
2025-01-30 00:46:42,0,0
2025-01-30 00:46:43,0,0
2025-01-30 00:46:45,0,0
2025-01-30 00:46:46,0,0
2025-01-30 00:46:48,-1,0
2025-01-30 00:46:49,-1,0
2025-01-30 00:46:51,-1,0
2025-01-30 00:46:52,1,0
2025-01-30 00:46:54,1,0
2025-01-30 00:46:56,1,0
2025-01-30 00:46:57,0,0
2025-01-30 00:46:59,0,0
2025-01-30 00:47:00,-2,-2
2025-01-30 00:47:02,0,0
2025-01-30 00:47:03,-2,-2
2025-01-30 00:47:05,0,0
2025-01-30 00:47:06,0,0
2025-01-30 00:47:08,0,0
2025-01-30 00:47:09,-2,-2
2025-01-30 00:47:11,0,0
2025-01-30 00:47:12,0,0
2025-01-30 00:47:14,-2,-2
2025-01-30 00:47:15,0,0
2025-01-30 00:47:17,0,0
2025-01-30 00:47:18,0,0
2025-01-30 00:47:20,0,0
2025-01-30 00:47:21,0,0
2025-01-30 00:47:23,-2,-2
2025-01-30 00:47:24,-1,0
2025-01-30 00:47:26,-1,0
2025-01-30 00:47:27,-1,0
2025-01-30 00:47:29,0,0
2025-01-30 00:47:30,0,0
2025-01-30 00:47:32,0,0
2025-01-30 00:47:33,1,0
2025-01-30 00:47:35,1,0
2025-01-30 00:47:36,1,0
2025-01-30 00:47:38,0,0
2025-01-30 00:47:39,1,0
2025-01-30 00:47:41,0,0
2025-01-30 00:47:42,0,0
2025-01-30 00:47:44,0,0
2025-01-30 00:47:45,0,0
2025-01-30 00:47:47,0,0
2025-01-30 00:47:48,0,0
2025-01-30 00:47:50,-1,0
2025-01-30 00:47:51,-1,0
2025-01-30 00:47:53,-1,0
2025-01-30 00:47:54,0,0
2025-01-30 00:47:56,-2,-2
2025-01-30 00:47:58,-2,-2
2025-01-30 00:47:59,-2,-2
2025-01-30 00:48:01,0,0
2025-01-30 00:48:02,-1,0
2025-01-30 00:48:04,-1,0
2025-01-30 00:48:05,0,0
2025-01-30 00:48:07,1,0
2025-01-30 00:48:08,1,0
2025-01-30 00:48:10,1,0
2025-01-30 00:48:11,0,0
2025-01-30 00:48:13,1,0
2025-01-30 00:48:14,0,0
2025-01-30 00:48:16,0,0
2025-01-30 00:48:17,-2,-2
2025-01-30 00:48:19,-2,-2
2025-01-30 00:48:20,-2,-2
2025-01-30 00:48:22,-2,-2
2025-01-30 00:48:23,-2,-2
2025-01-30 00:48:25,-2,-2
2025-01-30 00:48:26,-2,-2
2025-01-30 00:48:28,-2,-2
2025-01-30 00:48:29,0,0
2025-01-30 00:48:31,0,0
2025-01-30 00:48:32,-2,-2
2025-01-30 00:48:34,0,0
2025-01-30 00:48:35,-2,-2
2025-01-30 00:48:37,0,0
2025-01-30 00:48:38,0,0
2025-01-30 00:48:40,1,0
2025-01-30 00:48:41,-2,-2
2025-01-30 00:48:43,-2,-2
2025-01-30 00:48:45,-2,-2
2025-01-30 00:48:46,0,0
2025-01-30 00:48:48,-2,-2
2025-01-30 00:48:49,0,0
2025-01-30 00:48:51,0,0
2025-01-30 00:48:52,0,0
2025-01-30 00:48:54,0,0
2025-01-30 00:48:55,-2,-2
2025-01-30 00:48:57,-2,-2
2025-01-30 00:48:58,0,0
2025-01-30 00:49:00,0,0
2025-01-30 00:49:01,0,0
2025-01-30 00:49:03,1,0
2025-01-30 00:49:04,1,0
2025-01-30 00:49:06,-2,-2
2025-01-30 00:49:07,0,0
2025-01-30 00:49:09,0,0
2025-01-30 00:49:10,-1,0
2025-01-30 00:49:12,0,0
2025-01-30 00:49:13,0,0
2025-01-30 00:49:15,0,0
2025-01-30 00:49:16,0,0
2025-01-30 00:49:18,0,0
2025-01-30 00:49:19,0,0
2025-01-30 00:49:21,0,0
2025-01-30 00:49:22,0,0
2025-01-30 00:49:24,-1,0
2025-01-30 00:49:26,0,0
2025-01-30 00:49:27,-2,-2
2025-01-30 00:49:29,-2,-2
2025-01-30 00:49:30,-2,-2
2025-01-30 00:49:32,-2,-2
2025-01-30 00:49:33,-2,-2
2025-01-30 00:49:35,-2,-2
2025-01-30 00:49:36,-2,-2
2025-01-30 00:49:38,0,0
2025-01-30 00:49:39,0,0
2025-01-30 00:49:41,0,0
2025-01-30 00:49:42,0,0
2025-01-30 00:49:44,-2,-2
2025-01-30 00:49:45,0,0
2025-01-30 00:49:47,0,0
2025-01-31 02:53:50,0,0
2025-01-31 02:53:52,0,0
2025-01-31 02:53:53,0,0
2025-01-31 02:53:55,0,0
2025-01-31 02:53:56,0,0
2025-01-31 02:53:58,0,0
2025-01-31 02:53:59,0,0
2025-01-31 02:55:31,0,0
2025-01-31 02:55:33,0,0
2025-01-31 02:55:34,0,0
2025-01-31 02:55:36,0,0
2025-01-31 02:58:06,0,0
2025-01-31 02:58:08,0,0
2025-01-31 02:58:09,0,0
2025-01-31 02:58:11,0,0
2025-01-31 02:58:12,0,0
2025-01-31 02:58:14,0,0
2025-01-31 03:00:06,-2,-2
2025-01-31 03:00:08,-2,-2
2025-01-31 03:00:09,0,0
2025-01-31 03:00:11,0,0
2025-01-31 03:00:12,0,0
2025-01-31 03:00:14,0,-1
2025-01-31 03:00:15,0,0
2025-01-31 03:02:40,1,0
2025-01-31 03:02:42,1,0
2025-01-31 03:02:43,-2,-2
2025-01-31 03:02:45,0,-1
2025-01-31 03:02:46,0,0
2025-01-31 03:02:48,0,0
2025-01-31 03:02:49,0,0
2025-01-31 03:02:51,0,0
2025-01-31 03:02:52,0,0
2025-01-31 03:02:54,0,0
2025-01-31 03:02:55,0,0
2025-01-31 03:02:57,0,0
2025-01-31 03:02:58,0,0
2025-01-31 03:03:00,0,0
2025-01-31 03:05:42,0,0
2025-01-31 03:05:44,0,0
2025-01-31 03:05:46,0,0
2025-01-31 03:05:47,0,0
2025-01-31 03:05:49,0,0
2025-01-31 03:05:50,0,0
2025-01-31 03:05:52,0,0
2025-01-31 03:05:53,0,0
2025-01-31 03:05:55,0,0
2025-01-31 03:05:56,0,-1
2025-01-31 03:05:58,0,0
2025-01-31 03:05:59,0,0
2025-01-31 03:06:01,0,0
2025-01-31 03:06:02,0,0
2025-01-31 03:06:04,0,0
2025-01-31 03:12:02,0,0
2025-01-31 03:12:04,0,0
2025-01-31 03:12:05,0,0
2025-01-31 03:12:07,0,0
2025-01-31 03:12:08,0,0
2025-01-31 03:12:10,0,0
2025-01-31 03:12:11,-2,-2
2025-01-31 03:12:13,0,0
2025-01-31 03:12:14,0,0
2025-01-31 03:12:16,0,0
2025-01-31 03:12:17,0,0
2025-01-31 03:12:19,0,0
2025-01-31 03:16:23,0,0
2025-01-31 03:16:25,0,0
2025-01-31 03:16:26,0,0
2025-01-31 03:16:28,0,0
2025-01-31 03:16:30,0,0
2025-01-31 03:16:31,0,0
2025-01-31 03:16:33,0,0
2025-01-31 03:16:34,0,0
2025-01-31 03:16:36,0,-1
2025-01-31 03:16:37,0,0
2025-01-31 03:16:39,0,0
2025-01-31 03:16:40,0,0
2025-01-31 03:16:42,0,0
2025-01-31 03:16:43,0,0
2025-01-31 03:16:45,0,0
2025-01-31 03:16:46,0,0
2025-01-31 03:16:48,0,0
2025-01-31 03:16:49,0,0
2025-01-31 03:16:51,0,0
2025-01-31 03:16:52,0,0
2025-01-31 03:16:54,0,0
2025-01-31 03:16:55,0,0
2025-01-31 03:16:57,0,0
2025-01-31 03:19:04,-2,-2
2025-01-31 03:19:05,0,0
2025-01-31 03:19:07,0,0
2025-01-31 03:19:08,0,0
2025-01-31 03:19:10,0,0
2025-01-31 03:19:11,0,0
2025-01-31 03:19:13,0,0
2025-01-31 03:19:14,0,0
2025-01-31 03:19:16,0,0
2025-01-31 03:19:17,0,0
2025-01-31 03:19:19,0,0
2025-01-31 03:19:20,0,0
2025-01-31 03:19:22,0,0
2025-01-31 03:19:23,0,0
2025-01-31 03:19:25,0,0
2025-01-31 03:19:27,0,0
2025-01-31 03:19:28,0,0
2025-01-31 03:19:30,0,0
2025-01-31 03:27:07,-2,-2
2025-01-31 03:27:09,0,0
2025-01-31 03:27:10,0,0
2025-01-31 03:27:12,0,0
2025-01-31 03:27:13,0,0
2025-01-31 03:27:15,0,0
2025-01-31 03:27:16,0,0
2025-01-31 03:27:18,0,0
2025-01-31 03:27:19,0,0
2025-01-31 03:27:21,0,0
2025-01-31 03:27:22,0,0
2025-01-31 03:27:24,0,0
2025-01-31 03:27:26,0,0
2025-01-31 03:27:27,0,0
2025-01-31 03:27:29,0,0
2025-01-31 03:27:30,0,0
2025-01-31 03:27:32,0,0
2025-01-31 03:27:33,0,0
2025-01-31 03:30:10,-2,-2
2025-01-31 03:31:37,0,0
2025-01-31 03:31:38,0,0
2025-01-31 03:31:40,0,0
2025-01-31 03:31:41,0,0
2025-01-31 03:31:43,0,0
2025-01-31 03:31:44,0,0
2025-01-31 03:31:46,0,0
2025-01-31 03:31:47,0,0
2025-01-31 03:31:49,0,0
2025-01-31 03:31:50,0,0
2025-01-31 03:31:52,0,0
2025-01-31 03:31:54,0,0
2025-01-31 03:31:55,0,0
2025-01-31 03:31:57,0,0
2025-01-31 03:32:39,-1,-1
2025-01-31 03:32:41,0,0
2025-01-31 03:32:42,0,0
2025-01-31 03:32:44,0,0
2025-01-31 03:32:45,0,0
2025-01-31 03:32:47,0,0
2025-01-31 03:32:48,0,0
2025-01-31 03:32:50,0,0
2025-01-31 03:32:51,0,0
2025-01-31 03:32:53,0,0
2025-01-31 03:32:54,0,0
2025-01-31 03:32:56,0,0
2025-01-31 03:32:57,-2,-2
2025-01-31 03:33:45,-2,-2
2025-01-31 03:33:47,0,0
2025-01-31 03:33:48,0,0
2025-01-31 03:33:50,0,0
2025-01-31 03:33:51,0,0
2025-01-31 03:33:53,0,0
2025-01-31 03:33:54,0,0
2025-01-31 03:34:38,1,1
2025-01-31 03:34:39,-2,-2
2025-01-31 03:34:41,-2,-2
2025-01-31 03:34:42,-2,-2
2025-01-31 03:34:44,0,0
2025-01-31 03:34:45,0,0
2025-01-31 03:34:47,0,0
2025-01-31 03:34:48,-1,0
2025-01-31 03:34:50,0,0
2025-01-31 03:34:51,0,0
2025-01-31 03:34:53,0,0
2025-01-31 03:34:54,0,0
2025-01-31 03:34:56,0,0
2025-01-31 03:34:57,0,0
2025-01-31 03:34:59,0,0
2025-01-31 03:35:01,0,0
2025-02-01 18:51:32,0,0
2025-02-01 18:51:34,0,0
2025-02-01 18:51:35,0,0
2025-02-01 18:51:37,-2,-2
2025-02-01 18:51:38,0,0
2025-02-01 18:51:40,0,0
2025-02-01 18:51:41,0,0
2025-02-01 18:51:43,0,0
2025-02-01 18:53:29,0,0
2025-02-01 18:53:31,0,0
2025-02-01 18:53:32,0,0
2025-02-01 18:53:34,0,0
2025-02-01 18:53:35,0,0
2025-02-01 18:53:37,0,0
2025-02-01 18:53:38,0,0
2025-02-01 18:53:40,0,0
2025-02-01 18:53:41,0,0
2025-02-01 18:53:43,0,0
2025-02-01 18:54:48,0,0
2025-02-01 18:54:49,0,0
2025-02-01 18:54:51,0,0
2025-02-01 18:54:52,0,0
2025-02-01 18:54:54,0,0
2025-02-01 18:55:54,0,0
2025-02-01 18:55:55,0,0
2025-02-01 18:55:57,0,0
2025-02-01 18:55:59,0,0
2025-02-01 18:56:00,0,0
2025-02-01 18:56:02,0,0
2025-02-01 19:02:23,0,0
2025-02-01 19:02:25,0,0
2025-02-01 19:02:26,0,0
2025-02-01 19:02:28,0,0
2025-02-01 19:02:29,0,0
2025-02-01 19:02:31,0,0
2025-02-01 19:02:32,0,0
2025-02-01 19:02:34,0,0
2025-02-01 19:02:35,-2,-2
2025-02-01 19:02:37,0,0
2025-02-01 19:03:32,0,0
2025-02-01 19:03:34,0,0
2025-02-01 19:03:35,0,0
2025-02-01 19:03:37,0,0
2025-02-01 19:03:38,0,0
2025-02-01 19:03:40,0,0
2025-02-01 19:03:41,-1,0
2025-02-01 19:03:43,-1,0
2025-02-01 19:03:44,0,0
2025-02-01 19:03:46,0,0
2025-02-01 19:03:47,0,0
2025-02-01 19:03:49,-1,0
2025-02-01 19:03:50,0,0
2025-02-01 19:03:52,0,0
2025-02-01 19:03:54,1,0
2025-02-01 19:03:55,0,0
2025-02-01 19:03:57,0,0
2025-02-01 19:03:58,0,0
2025-02-01 19:04:00,0,0
2025-02-01 19:04:01,0,0
2025-02-01 19:04:03,0,0
2025-02-01 19:04:04,0,0
2025-02-01 19:04:06,0,0
2025-02-01 19:04:07,0,0
2025-02-01 19:04:09,0,0
2025-02-01 19:04:10,0,0
2025-02-01 19:04:12,0,0
2025-02-01 19:04:13,0,0
2025-02-01 19:20:31,0,0
2025-02-01 19:21:12,0,0
2025-02-01 19:22:08,0,0
2025-02-01 19:22:09,0,0
2025-02-01 19:22:11,0,0
2025-02-01 19:22:12,0,0
2025-02-01 19:22:14,0,0
2025-02-01 19:22:15,0,0
2025-02-01 19:22:17,0,0
2025-02-01 19:22:18,0,0
2025-02-01 19:22:20,0,0
2025-02-01 19:22:22,0,0
2025-02-01 19:22:23,0,0
2025-02-01 19:22:25,0,0
2025-02-01 19:22:26,0,0
2025-02-01 19:22:28,0,0
2025-02-01 19:22:29,0,0
2025-02-01 19:22:31,-2,-2
2025-02-01 19:22:32,0,0
2025-02-01 19:22:34,-1,0
2025-02-01 19:22:35,-1,0
2025-02-01 19:22:37,-1,0
2025-02-01 19:22:38,0,0
2025-02-01 19:22:40,0,0
2025-02-01 19:22:41,0,0
2025-02-01 19:22:43,-1,0
2025-02-01 19:22:44,-1,0
2025-02-01 19:22:46,-1,0
2025-02-01 19:22:47,-1,-1
2025-02-01 19:22:49,0,0
2025-02-01 19:22:50,0,0
2025-02-01 19:22:52,0,0
2025-02-01 19:22:54,-1,0
2025-02-01 19:22:55,-1,0
2025-02-01 19:22:57,-1,0
2025-02-01 19:22:58,-1,0
2025-02-01 19:23:00,0,0
2025-02-01 19:23:01,0,0
2025-02-01 19:23:03,0,0
2025-02-01 19:23:04,0,0
2025-02-01 19:23:06,-1,0
2025-02-01 19:23:07,-1,0
2025-02-01 19:23:09,-1,0
2025-02-01 19:23:11,0,0
2025-02-01 19:23:13,0,0
2025-02-01 19:23:14,0,0
2025-02-01 19:23:16,1,0
2025-02-01 19:23:17,1,0
2025-02-01 19:23:19,0,0
2025-02-01 19:23:20,1,0
2025-02-01 19:23:22,-1,0
2025-02-01 19:23:23,-2,-2
2025-02-01 19:23:25,-2,-2
2025-02-01 19:23:26,-2,-2
2025-02-01 19:23:47,-2,-2
2025-02-01 19:23:48,0,0
2025-02-01 19:23:50,-1,0
2025-02-01 19:23:51,-1,0
2025-02-01 19:23:53,-2,-2
2025-02-01 19:23:54,-1,0
2025-02-01 19:23:56,0,0
2025-02-01 19:23:57,-1,0
2025-02-01 19:23:59,-1,0
2025-02-01 19:24:00,0,0
2025-02-01 19:24:02,-1,0
2025-02-01 19:24:03,-1,0
2025-02-01 19:24:05,-1,0
2025-02-01 19:24:07,0,0
2025-02-01 19:24:09,1,0
2025-02-01 19:24:10,1,0
2025-02-01 19:24:18,0,0
2025-02-01 19:24:20,0,0
2025-02-01 19:24:21,0,0
2025-02-01 19:24:23,0,0
2025-02-01 19:24:24,0,0
2025-02-01 19:24:26,0,0
2025-02-01 19:24:28,0,0
2025-02-01 19:24:29,0,0
2025-02-01 19:24:31,0,0
2025-02-01 19:26:57,0,0
2025-02-01 19:26:58,0,0
2025-02-01 19:27:00,0,0
2025-02-01 19:27:01,0,0
2025-02-01 19:27:03,0,0
2025-02-01 19:27:04,0,0
2025-02-01 19:27:06,0,0
2025-02-01 19:27:07,0,0
2025-02-01 19:27:09,0,0
2025-02-01 19:27:10,0,0
2025-02-01 19:27:12,0,0
2025-02-01 19:27:13,0,0
2025-02-01 19:27:15,0,0
2025-02-01 19:27:16,-2,-2
2025-02-01 19:27:18,-2,-2
2025-02-01 19:27:19,-2,-2
2025-02-01 19:27:21,1,0
2025-02-01 19:27:22,0,0
2025-02-01 19:28:51,0,0
2025-02-01 19:28:53,0,0
2025-02-01 19:28:54,-2,-2
2025-02-01 19:29:46,0,0
2025-02-01 19:29:47,-2,-2
2025-02-01 19:29:49,-2,-2
2025-02-01 19:29:50,-2,-2
2025-02-01 19:29:52,-2,-2
2025-02-01 19:29:53,-2,-2
2025-02-05 03:19:47,0,0
2025-02-05 03:23:11,0,0
2025-02-05 03:25:33,0,0
2025-02-05 03:28:45,0,0
2025-02-05 03:28:47,0,0
2025-02-05 03:28:48,0,0
2025-02-05 03:28:50,0,0
2025-02-05 03:29:31,-1,-1
2025-02-05 03:29:33,0,0
2025-02-05 03:29:34,0,0
2025-02-05 03:29:36,0,0
2025-02-05 03:31:36,0,0
2025-02-05 03:31:37,0,0
2025-02-05 03:31:39,0,0
2025-02-05 03:31:40,0,0
2025-02-05 03:36:21,0,0
2025-02-05 03:36:22,0,0
2025-02-05 03:36:24,0,0
2025-02-05 03:36:25,0,0
2025-02-05 03:38:35,0,0
2025-02-05 03:38:36,0,0
2025-02-05 03:38:38,0,0
2025-02-05 03:38:39,0,0
2025-02-05 03:41:58,0,0
2025-02-05 03:42:00,0,0
2025-02-05 03:42:01,0,0
2025-02-05 03:42:03,0,0
2025-02-05 03:42:04,0,0
2025-02-05 03:42:06,0,0
2025-02-05 03:42:07,0,0
2025-02-05 03:42:09,0,0
2025-02-05 03:42:10,0,0
2025-02-05 03:42:12,0,0
2025-02-05 03:42:13,0,0
2025-02-05 03:42:15,0,0
2025-02-05 03:42:17,0,0
2025-02-05 03:42:18,0,0
2025-02-05 03:42:20,0,0
2025-02-05 03:48:50,0,0
2025-02-05 03:48:51,0,0
2025-02-05 03:48:53,0,0
2025-02-05 03:48:54,0,0
2025-02-05 03:50:24,-1,0
2025-02-05 03:50:26,0,0
2025-02-05 03:50:27,0,0
2025-02-05 03:50:29,0,0
2025-02-05 03:50:30,0,0
2025-02-05 03:50:32,0,0
2025-02-05 03:50:33,0,0
2025-02-05 03:50:35,0,0
2025-02-05 03:50:36,0,0
2025-02-05 03:50:38,0,0
2025-02-05 03:50:39,0,0
2025-02-05 03:50:41,0,0
2025-02-05 03:50:42,0,0
2025-02-05 03:50:46,0,0
2025-02-05 03:53:19,0,0
2025-02-05 03:53:21,0,0
2025-02-05 03:53:22,0,0
2025-02-05 03:53:24,0,0
2025-02-05 03:53:25,0,0
2025-02-05 03:53:27,0,0
2025-02-05 03:53:28,0,0
2025-02-05 03:53:30,0,0
2025-02-05 03:53:31,0,0
2025-02-05 03:53:33,0,0
2025-02-05 03:53:34,0,0
2025-02-05 03:53:36,0,0
2025-02-05 03:53:37,0,0
2025-02-05 03:53:39,0,0
2025-02-05 03:53:40,0,0
2025-02-05 03:53:42,0,0
2025-02-05 03:53:43,0,0
2025-02-05 03:53:45,0,0
2025-02-05 03:53:46,0,0
2025-02-05 03:53:48,0,0
2025-02-05 03:53:49,0,0
2025-02-05 03:53:51,0,0
2025-02-05 03:53:53,0,0
2025-02-05 03:53:54,0,0
2025-02-05 03:53:56,0,0
2025-02-05 03:53:57,0,0
2025-02-05 03:53:59,0,0
2025-02-05 03:54:00,0,0
2025-02-05 03:54:02,0,0
2025-02-05 03:54:03,0,0
2025-02-05 03:54:05,0,0
2025-02-05 03:54:06,0,0
2025-02-05 03:54:08,-2,-2
2025-02-05 03:54:09,0,0
2025-02-05 03:54:11,0,0
2025-02-05 03:54:12,0,0
2025-02-05 03:54:14,0,0
2025-02-05 03:54:15,0,0
2025-02-05 03:54:17,0,0
2025-02-05 03:54:19,0,0
2025-02-05 03:54:20,0,0
2025-02-05 03:54:22,0,0
2025-02-05 03:54:23,0,0
2025-02-05 03:54:25,0,0
2025-02-05 03:54:26,-1,0
2025-02-05 03:54:28,0,0
2025-02-05 03:54:29,0,0
2025-02-05 03:54:31,0,0
2025-02-05 03:54:32,0,0
2025-02-05 03:54:34,0,0
2025-02-05 03:54:35,-2,-2
2025-02-05 03:54:37,-1,0
2025-02-05 03:54:38,0,0
2025-02-05 03:54:40,-2,-2
2025-02-05 03:54:41,-2,-2
2025-02-05 03:54:43,-2,-2
2025-02-05 03:54:44,-2,-2
2025-02-05 03:54:46,-2,-2
2025-02-05 03:54:47,0,0
2025-02-05 03:54:49,0,0
2025-02-05 03:54:50,0,0
2025-02-05 03:54:52,0,0
2025-02-05 03:54:54,-2,-2
2025-02-05 03:54:55,0,0
2025-02-05 03:54:57,-2,-2
2025-02-05 03:54:58,0,0
2025-02-05 03:55:00,0,0
2025-02-05 03:55:01,0,0
2025-02-05 03:55:03,0,0
2025-02-05 03:55:04,-2,-2
2025-02-05 03:55:06,0,0
2025-02-05 03:55:07,0,0
2025-02-05 03:55:09,0,0
2025-02-05 03:57:41,1,0
2025-02-05 03:57:43,0,0
2025-02-05 03:57:44,0,0
2025-02-05 03:57:46,-2,-2
2025-02-05 03:57:47,0,0
2025-02-05 03:57:49,0,0
2025-02-05 03:57:50,0,0
2025-02-05 03:57:52,0,0
2025-02-05 03:57:53,0,0
2025-02-05 03:57:55,0,0
2025-02-05 03:57:56,-2,-2
2025-02-05 03:57:58,-2,-2
2025-02-05 03:57:59,-2,-2
2025-02-05 03:58:01,0,0
2025-02-05 03:58:02,0,0
2025-02-05 03:58:04,0,0
2025-02-05 03:58:05,0,0
2025-02-05 03:58:07,0,0
2025-02-05 03:58:08,0,0
2025-02-05 03:58:10,-2,-2
2025-02-05 03:58:11,0,0
2025-02-05 03:58:13,0,0
2025-02-05 03:58:14,0,0
2025-02-05 03:58:16,0,0
2025-02-05 03:58:18,0,0
2025-02-05 03:58:19,0,0
2025-02-05 03:58:21,0,0
2025-02-05 03:58:22,0,0
2025-02-05 03:58:24,0,0
2025-02-05 03:58:25,-2,-2
2025-02-05 03:58:27,0,0
2025-02-05 19:52:19,-2,-2
2025-02-05 19:52:21,0,0
2025-02-05 19:52:22,0,0
2025-02-05 19:52:24,0,0
2025-02-05 19:52:25,0,0
2025-02-05 19:52:27,0,0
2025-02-05 19:52:28,0,0
2025-02-05 19:52:30,0,0
2025-02-05 19:52:31,0,0
2025-02-05 19:52:33,0,0
2025-02-05 19:52:34,0,0
2025-02-05 19:52:36,0,0
2025-02-05 19:52:38,0,0
2025-02-05 19:52:39,0,0
2025-02-05 19:52:41,0,0
2025-02-05 19:52:42,0,0
2025-02-05 19:52:44,0,0
2025-02-05 19:52:45,0,0
2025-02-05 19:52:47,0,0
2025-02-05 19:52:48,0,0
2025-02-05 21:14:38,-1,0
2025-02-05 21:14:39,0,0
2025-02-05 21:14:41,-2,-2
2025-02-05 21:14:42,0,0
2025-02-05 21:19:01,0,0
2025-02-05 21:19:02,0,0
2025-02-05 21:19:04,0,0
2025-02-05 21:19:05,-2,-2
2025-02-05 21:19:07,-2,-2
2025-02-05 21:19:08,0,0
2025-02-05 21:19:10,0,0
2025-02-05 21:19:11,0,0
2025-02-05 21:19:13,0,0
2025-02-05 21:19:14,0,0
2025-02-05 21:19:16,0,-1
2025-02-05 21:19:17,0,0
2025-02-05 21:19:19,0,0
2025-02-05 21:19:20,0,0
2025-02-05 21:19:22,-2,-2
2025-02-05 21:19:24,-2,-2
2025-02-05 21:19:25,-2,-2
2025-02-05 21:19:27,-2,-2
2025-02-05 21:19:28,-2,-2
2025-02-05 21:19:30,0,0
2025-02-05 21:19:31,0,0
2025-02-05 21:19:33,0,0
2025-02-05 21:19:34,0,0
2025-02-05 21:32:34,0,0
2025-02-05 21:32:35,0,0
2025-02-05 21:32:37,0,0
2025-02-05 21:32:38,0,0
2025-02-05 21:32:40,0,0
2025-02-05 21:32:41,0,0
2025-02-05 21:32:43,0,0
2025-02-05 21:32:44,0,0
2025-02-05 21:32:46,0,0
2025-02-05 21:32:47,0,0
2025-02-05 21:32:49,0,0
2025-02-05 21:32:50,0,0
2025-02-05 21:32:52,0,0
2025-02-05 21:32:53,0,0
2025-02-05 21:32:55,0,0
2025-02-05 21:32:56,0,0
2025-02-05 21:32:58,0,0
2025-02-05 21:33:00,0,0
2025-02-05 21:33:01,0,0
2025-02-05 21:33:03,0,0
2025-02-05 21:33:04,0,0
2025-02-05 21:33:06,0,0
2025-02-05 21:33:07,0,0
2025-02-05 21:33:09,0,0
2025-02-05 21:33:10,0,0
2025-02-05 21:33:12,0,0
2025-02-05 21:33:13,0,0
2025-02-05 21:33:15,0,0
2025-02-05 21:34:44,-1,0
2025-02-05 21:34:46,0,0
2025-02-05 21:34:47,0,0
2025-02-05 21:34:49,0,0
2025-02-05 21:34:50,0,0
2025-02-05 21:34:52,0,0
2025-02-05 21:34:53,-2,-2
2025-02-05 21:34:55,0,0
2025-02-05 21:34:56,0,0
2025-02-05 21:34:58,0,0
2025-02-05 21:34:59,0,0
2025-02-05 21:35:01,0,0
2025-02-05 21:35:02,0,0
2025-02-05 21:35:04,0,0
2025-02-05 21:35:05,0,0
2025-02-05 21:35:07,0,0
2025-02-05 21:35:08,0,0
2025-02-05 21:35:10,0,0
2025-02-05 21:35:12,0,0
2025-02-05 21:36:05,0,0
2025-02-05 21:36:06,1,0
2025-02-05 21:36:08,0,0
2025-02-05 21:36:09,0,0
2025-02-05 21:36:11,0,0
2025-02-05 21:36:13,0,0
2025-02-05 21:36:14,0,0
2025-02-05 21:37:07,0,0
2025-02-05 21:37:08,0,0
2025-02-05 21:37:10,0,0
2025-02-05 21:37:11,0,0
2025-02-05 21:37:13,0,0
2025-02-05 21:37:14,0,0
2025-02-05 22:16:53,0,0
2025-02-05 22:16:55,-2,-2
2025-02-05 22:16:56,0,0
2025-02-05 22:16:58,0,0
2025-02-05 22:16:59,0,0
2025-02-05 22:17:01,0,0
2025-02-05 22:17:02,0,0
2025-02-05 22:17:04,0,0
2025-02-05 22:17:05,0,0
2025-02-05 22:17:07,0,0
2025-02-05 22:17:08,0,0
2025-02-05 22:17:10,0,0
2025-02-05 22:17:11,0,0
2025-02-05 22:17:13,0,0
2025-02-05 22:17:14,0,0
2025-02-05 22:17:16,0,0
2025-02-05 22:18:04,0,0
2025-02-05 22:18:05,0,0
2025-02-05 22:18:07,0,0
2025-02-05 22:18:08,0,0
2025-02-05 22:18:10,0,0
2025-02-05 22:18:12,0,0
2025-02-05 22:18:13,0,0
2025-02-05 22:18:15,0,0
2025-02-05 22:18:16,0,0
2025-02-05 22:18:18,0,0
2025-02-05 22:18:19,0,0
